,movieId
0,1
1,2
2,3
3,4
4,5
5,6
6,7
7,8
8,9
9,10
10,11
11,12
12,13
13,14
14,15
15,16
16,17
17,18
18,19
19,20
20,21
21,22
22,23
23,24
24,25
25,26
26,27
27,28
28,29
29,30
30,31
31,32
32,34
33,35
34,36
35,38
36,39
37,40
38,41
39,42
40,43
41,44
42,45
43,46
44,47
45,48
46,49
47,50
48,52
49,54
50,55
51,57
52,58
53,60
54,61
55,62
56,63
57,64
58,65
59,66
60,68
61,69
62,70
63,71
64,72
65,73
66,74
67,75
68,76
69,77
70,78
71,79
72,80
73,81
74,82
75,83
76,85
77,86
78,87
79,88
80,89
81,90
82,92
83,93
84,94
85,95
86,96
87,97
88,99
89,100
90,101
91,102
92,103
93,104
94,105
95,107
96,110
97,111
98,112
99,113
100,114
101,116
102,117
103,118
104,119
105,121
106,122
107,123
108,124
109,125
110,126
111,132
112,135
113,137
114,140
115,141
116,144
117,145
118,146
119,147
120,148
121,149
122,150
123,151
124,152
125,153
126,154
127,155
128,156
129,157
130,158
131,159
132,160
133,161
134,162
135,163
136,164
137,165
138,166
139,168
140,169
141,170
142,171
143,172
144,173
145,174
146,175
147,176
148,177
149,178
150,179
151,180
152,181
153,182
154,183
155,184
156,185
157,186
158,187
159,188
160,189
161,190
162,191
163,193
164,194
165,195
166,196
167,198
168,199
169,200
170,201
171,202
172,203
173,204
174,205
175,206
176,207
177,208
178,209
179,210
180,211
181,212
182,213
183,214
184,215
185,216
186,217
187,218
188,219
189,220
190,222
191,223
192,224
193,225
194,227
195,228
196,229
197,230
198,231
199,232
200,233
201,234
202,235
203,236
204,237
205,238
206,239
207,240
208,241
209,242
210,243
211,244
212,245
213,246
214,247
215,248
216,249
217,250
218,251
219,252
220,253
221,254
222,255
223,256
224,257
225,258
226,259
227,260
228,261
229,262
230,263
231,265
232,266
233,267
234,268
235,269
236,270
237,271
238,272
239,273
240,274
241,275
242,276
243,277
244,278
245,279
246,280
247,281
248,282
249,283
250,287
251,288
252,289
253,290
254,291
255,292
256,293
257,294
258,295
259,296
260,297
261,298
262,299
263,300
264,301
265,302
266,303
267,304
268,305
269,306
270,307
271,308
272,309
273,310
274,312
275,313
276,314
277,315
278,316
279,317
280,318
281,319
282,320
283,321
284,322
285,324
286,325
287,326
288,327
289,328
290,329
291,330
292,331
293,332
294,333
295,334
296,335
297,336
298,337
299,338
300,339
301,340
302,341
303,342
304,343
305,344
306,345
307,346
308,347
309,348
310,349
311,350
312,351
313,352
314,353
315,354
316,355
317,356
318,357
319,358
320,359
321,360
322,361
323,362
324,363
325,364
326,365
327,366
328,367
329,368
330,369
331,370
332,371
333,372
334,373
335,374
336,375
337,376
338,377
339,378
340,379
341,380
342,381
343,382
344,383
345,384
346,386
347,387
348,388
349,389
350,390
351,391
352,392
353,393
354,405
355,407
356,408
357,409
358,410
359,412
360,413
361,414
362,415
363,416
364,417
365,418
366,419
367,420
368,421
369,422
370,423
371,424
372,425
373,426
374,427
375,428
376,429
377,430
378,431
379,432
380,433
381,434
382,435
383,436
384,437
385,438
386,440
387,441
388,442
389,443
390,444
391,445
392,446
393,447
394,448
395,449
396,450
397,451
398,452
399,453
400,454
401,455
402,456
403,457
404,458
405,459
406,460
407,461
408,462
409,463
410,464
411,465
412,466
413,467
414,468
415,469
416,470
417,471
418,472
419,473
420,474
421,475
422,476
423,477
424,478
425,479
426,480
427,481
428,482
429,483
430,484
431,485
432,486
433,487
434,488
435,489
436,490
437,491
438,492
439,493
440,494
441,495
442,496
443,497
444,498
445,499
446,500
447,501
448,502
449,504
450,505
451,506
452,507
453,508
454,509
455,510
456,511
457,512
458,513
459,514
460,515
461,516
462,517
463,518
464,519
465,520
466,521
467,522
468,523
469,524
470,527
471,528
472,529
473,531
474,532
475,533
476,534
477,535
478,536
479,537
480,538
481,539
482,540
483,541
484,542
485,543
486,544
487,546
488,547
489,548
490,549
491,550
492,551
493,552
494,553
495,554
496,555
497,556
498,558
499,561
500,562
501,563
502,564
503,565
504,567
505,568
506,569
507,570
508,571
509,573
510,574
511,575
512,577
513,580
514,581
515,583
516,585
517,586
518,587
519,588
520,589
521,590
522,592
523,593
524,594
525,595
526,596
527,597
528,599
529,600
530,602
531,603
532,605
533,606
534,608
535,609
536,610
537,611
538,612
539,613
540,615
541,616
542,617
543,618
544,619
545,621
546,626
547,627
548,628
549,630
550,631
551,632
552,633
553,634
554,635
555,637
556,638
557,639
558,640
559,645
560,647
561,648
562,650
563,653
564,656
565,659
566,661
567,662
568,663
569,664
570,665
571,667
572,668
573,670
574,671
575,673
576,674
577,678
578,680
579,681
580,685
581,688
582,691
583,692
584,694
585,695
586,697
587,700
588,702
589,703
590,704
591,705
592,706
593,707
594,708
595,709
596,710
597,711
598,714
599,715
600,716
601,718
602,719
603,720
604,722
605,724
606,725
607,726
608,728
609,731
610,732
611,733
612,735
613,736
614,737
615,741
616,742
617,743
618,745
619,746
620,747
621,748
622,750
623,753
624,754
625,757
626,759
627,760
628,761
629,762
630,764
631,765
632,766
633,767
634,778
635,779
636,780
637,781
638,782
639,783
640,784
641,785
642,786
643,788
644,798
645,799
646,800
647,801
648,802
649,803
650,804
651,805
652,806
653,807
654,808
655,809
656,810
657,813
658,818
659,824
660,828
661,829
662,830
663,831
664,832
665,833
666,834
667,835
668,836
669,837
670,838
671,839
672,840
673,841
674,842
675,846
676,848
677,849
678,850
679,851
680,852
681,854
682,858
683,860
684,861
685,862
686,866
687,867
688,869
689,870
690,875
691,876
692,879
693,880
694,881
695,882
696,885
697,886
698,888
699,891
700,892
701,893
702,896
703,897
704,898
705,899
706,900
707,901
708,902
709,903
710,904
711,905
712,906
713,907
714,908
715,909
716,910
717,911
718,912
719,913
720,914
721,915
722,916
723,917
724,918
725,919
726,920
727,921
728,922
729,923
730,924
731,926
732,927
733,928
734,929
735,930
736,931
737,932
738,933
739,934
740,935
741,936
742,937
743,938
744,940
745,941
746,942
747,943
748,944
749,945
750,946
751,947
752,948
753,949
754,950
755,951
756,952
757,953
758,954
759,955
760,956
761,957
762,959
763,961
764,963
765,964
766,965
767,968
768,969
769,970
770,971
771,973
772,976
773,981
774,982
775,984
776,986
777,987
778,988
779,990
780,991
781,992
782,993
783,994
784,996
785,997
786,998
787,999
788,1000
789,1003
790,1004
791,1005
792,1006
793,1007
794,1008
795,1009
796,1010
797,1011
798,1012
799,1013
800,1014
801,1015
802,1016
803,1017
804,1018
805,1019
806,1020
807,1021
808,1022
809,1023
810,1024
811,1025
812,1027
813,1028
814,1029
815,1030
816,1031
817,1032
818,1033
819,1034
820,1035
821,1036
822,1037
823,1038
824,1041
825,1042
826,1043
827,1044
828,1046
829,1047
830,1049
831,1050
832,1051
833,1053
834,1054
835,1055
836,1056
837,1057
838,1059
839,1060
840,1061
841,1064
842,1066
843,1068
844,1069
845,1073
846,1076
847,1077
848,1078
849,1079
850,1080
851,1081
852,1082
853,1083
854,1084
855,1085
856,1086
857,1087
858,1088
859,1089
860,1090
861,1091
862,1092
863,1093
864,1094
865,1095
866,1096
867,1097
868,1099
869,1100
870,1101
871,1103
872,1104
873,1105
874,1111
875,1112
876,1113
877,1114
878,1117
879,1120
880,1123
881,1124
882,1125
883,1126
884,1127
885,1128
886,1129
887,1130
888,1131
889,1132
890,1135
891,1136
892,1147
893,1148
894,1150
895,1151
896,1161
897,1162
898,1163
899,1167
900,1168
901,1169
902,1171
903,1172
904,1173
905,1175
906,1176
907,1177
908,1178
909,1179
910,1180
911,1183
912,1184
913,1185
914,1186
915,1187
916,1188
917,1189
918,1190
919,1191
920,1192
921,1193
922,1194
923,1196
924,1197
925,1198
926,1199
927,1200
928,1201
929,1202
930,1203
931,1204
932,1206
933,1207
934,1208
935,1209
936,1210
937,1211
938,1212
939,1213
940,1214
941,1215
942,1216
943,1217
944,1218
945,1219
946,1220
947,1221
948,1222
949,1223
950,1224
951,1225
952,1226
953,1227
954,1228
955,1230
956,1231
957,1232
958,1233
959,1234
960,1235
961,1236
962,1237
963,1238
964,1240
965,1241
966,1242
967,1243
968,1244
969,1245
970,1246
971,1247
972,1248
973,1249
974,1250
975,1251
976,1252
977,1253
978,1254
979,1255
980,1256
981,1257
982,1258
983,1259
984,1260
985,1261
986,1262
987,1263
988,1264
989,1265
990,1266
991,1267
992,1268
993,1269
994,1270
995,1271
996,1272
997,1273
998,1274
999,1275
1000,1276
1001,1277
1002,1278
1003,1279
1004,1280
1005,1281
1006,1282
1007,1283
1008,1284
1009,1285
1010,1286
1011,1287
1012,1288
1013,1289
1014,1290
1015,1291
1016,1292
1017,1293
1018,1295
1019,1296
1020,1297
1021,1298
1022,1299
1023,1300
1024,1301
1025,1302
1026,1303
1027,1304
1028,1305
1029,1306
1030,1307
1031,1310
1032,1312
1033,1317
1034,1320
1035,1321
1036,1322
1037,1323
1038,1324
1039,1325
1040,1326
1041,1327
1042,1328
1043,1329
1044,1330
1045,1331
1046,1332
1047,1333
1048,1334
1049,1335
1050,1336
1051,1337
1052,1339
1053,1340
1054,1341
1055,1342
1056,1343
1057,1344
1058,1345
1059,1346
1060,1347
1061,1348
1062,1350
1063,1351
1064,1352
1065,1353
1066,1354
1067,1355
1068,1356
1069,1357
1070,1358
1071,1359
1072,1361
1073,1363
1074,1365
1075,1366
1076,1367
1077,1370
1078,1371
1079,1372
1080,1373
1081,1374
1082,1375
1083,1376
1084,1377
1085,1378
1086,1379
1087,1380
1088,1381
1089,1382
1090,1385
1091,1387
1092,1388
1093,1389
1094,1390
1095,1391
1096,1392
1097,1393
1098,1394
1099,1395
1100,1396
1101,1397
1102,1398
1103,1399
1104,1401
1105,1404
1106,1405
1107,1406
1108,1407
1109,1408
1110,1409
1111,1410
1112,1411
1113,1412
1114,1413
1115,1414
1116,1415
1117,1416
1118,1417
1119,1419
1120,1422
1121,1425
1122,1426
1123,1427
1124,1428
1125,1429
1126,1430
1127,1431
1128,1432
1129,1437
1130,1438
1131,1439
1132,1440
1133,1441
1134,1442
1135,1445
1136,1446
1137,1447
1138,1449
1139,1450
1140,1453
1141,1454
1142,1456
1143,1457
1144,1458
1145,1459
1146,1460
1147,1461
1148,1463
1149,1464
1150,1465
1151,1466
1152,1468
1153,1472
1154,1473
1155,1474
1156,1475
1157,1476
1158,1477
1159,1479
1160,1480
1161,1482
1162,1483
1163,1484
1164,1485
1165,1487
1166,1488
1167,1489
1168,1490
1169,1493
1170,1495
1171,1496
1172,1497
1173,1498
1174,1499
1175,1500
1176,1501
1177,1502
1178,1503
1179,1507
1180,1508
1181,1509
1182,1513
1183,1515
1184,1516
1185,1517
1186,1518
1187,1523
1188,1525
1189,1526
1190,1527
1191,1529
1192,1533
1193,1535
1194,1537
1195,1539
1196,1541
1197,1542
1198,1544
1199,1545
1200,1546
1201,1547
1202,1550
1203,1551
1204,1552
1205,1554
1206,1556
1207,1562
1208,1563
1209,1564
1210,1565
1211,1566
1212,1569
1213,1570
1214,1571
1215,1572
1216,1573
1217,1580
1218,1581
1219,1582
1220,1583
1221,1584
1222,1585
1223,1586
1224,1587
1225,1588
1226,1589
1227,1590
1228,1591
1229,1592
1230,1593
1231,1594
1232,1595
1233,1596
1234,1597
1235,1598
1236,1599
1237,1600
1238,1601
1239,1602
1240,1603
1241,1604
1242,1605
1243,1606
1244,1608
1245,1609
1246,1610
1247,1611
1248,1612
1249,1613
1250,1614
1251,1615
1252,1616
1253,1617
1254,1619
1255,1620
1256,1621
1257,1623
1258,1624
1259,1625
1260,1626
1261,1627
1262,1629
1263,1631
1264,1633
1265,1635
1266,1639
1267,1640
1268,1641
1269,1642
1270,1643
1271,1644
1272,1645
1273,1646
1274,1647
1275,1648
1276,1649
1277,1650
1278,1653
1279,1654
1280,1655
1281,1658
1282,1660
1283,1661
1284,1662
1285,1663
1286,1665
1287,1667
1288,1668
1289,1669
1290,1670
1291,1671
1292,1672
1293,1673
1294,1674
1295,1676
1296,1678
1297,1680
1298,1681
1299,1682
1300,1683
1301,1684
1302,1686
1303,1687
1304,1688
1305,1689
1306,1690
1307,1693
1308,1694
1309,1695
1310,1696
1311,1699
1312,1701
1313,1702
1314,1703
1315,1704
1316,1707
1317,1711
1318,1713
1319,1717
1320,1719
1321,1721
1322,1722
1323,1726
1324,1727
1325,1728
1326,1729
1327,1730
1328,1731
1329,1732
1330,1733
1331,1734
1332,1735
1333,1739
1334,1744
1335,1746
1336,1747
1337,1748
1338,1750
1339,1752
1340,1753
1341,1754
1342,1755
1343,1756
1344,1757
1345,1759
1346,1760
1347,1762
1348,1767
1349,1769
1350,1770
1351,1771
1352,1772
1353,1777
1354,1779
1355,1783
1356,1784
1357,1785
1358,1788
1359,1791
1360,1792
1361,1794
1362,1797
1363,1798
1364,1799
1365,1801
1366,1804
1367,1805
1368,1806
1369,1809
1370,1810
1371,1812
1372,1814
1373,1816
1374,1821
1375,1824
1376,1825
1377,1826
1378,1827
1379,1829
1380,1831
1381,1833
1382,1834
1383,1835
1384,1836
1385,1837
1386,1839
1387,1840
1388,1841
1389,1844
1390,1845
1391,1846
1392,1848
1393,1854
1394,1855
1395,1856
1396,1857
1397,1858
1398,1859
1399,1860
1400,1862
1401,1863
1402,1865
1403,1866
1404,1867
1405,1869
1406,1870
1407,1873
1408,1875
1409,1876
1410,1879
1411,1880
1412,1881
1413,1882
1414,1883
1415,1884
1416,1885
1417,1887
1418,1888
1419,1889
1420,1892
1421,1893
1422,1894
1423,1895
1424,1896
1425,1897
1426,1900
1427,1902
1428,1904
1429,1906
1430,1907
1431,1909
1432,1910
1433,1911
1434,1912
1435,1913
1436,1914
1437,1916
1438,1917
1439,1918
1440,1919
1441,1920
1442,1921
1443,1922
1444,1923
1445,1924
1446,1925
1447,1927
1448,1929
1449,1931
1450,1932
1451,1933
1452,1934
1453,1935
1454,1936
1455,1937
1456,1938
1457,1939
1458,1940
1459,1941
1460,1942
1461,1943
1462,1944
1463,1945
1464,1946
1465,1947
1466,1948
1467,1949
1468,1950
1469,1951
1470,1952
1471,1953
1472,1954
1473,1955
1474,1956
1475,1957
1476,1958
1477,1959
1478,1960
1479,1961
1480,1962
1481,1963
1482,1964
1483,1965
1484,1966
1485,1967
1486,1968
1487,1969
1488,1970
1489,1971
1490,1972
1491,1973
1492,1974
1493,1975
1494,1976
1495,1977
1496,1978
1497,1979
1498,1980
1499,1981
1500,1982
1501,1983
1502,1984
1503,1985
1504,1986
1505,1987
1506,1988
1507,1991
1508,1992
1509,1993
1510,1994
1511,1995
1512,1996
1513,1997
1514,1998
1515,1999
1516,2000
1517,2001
1518,2002
1519,2003
1520,2004
1521,2005
1522,2006
1523,2007
1524,2009
1525,2010
1526,2011
1527,2012
1528,2013
1529,2014
1530,2015
1531,2016
1532,2017
1533,2018
1534,2019
1535,2020
1536,2021
1537,2022
1538,2023
1539,2024
1540,2025
1541,2026
1542,2027
1543,2028
1544,2029
1545,2031
1546,2032
1547,2033
1548,2034
1549,2035
1550,2036
1551,2037
1552,2038
1553,2040
1554,2041
1555,2042
1556,2043
1557,2044
1558,2045
1559,2046
1560,2048
1561,2049
1562,2050
1563,2051
1564,2052
1565,2053
1566,2054
1567,2055
1568,2057
1569,2058
1570,2059
1571,2060
1572,2062
1573,2064
1574,2065
1575,2066
1576,2067
1577,2068
1578,2069
1579,2070
1580,2071
1581,2072
1582,2073
1583,2074
1584,2075
1585,2076
1586,2077
1587,2078
1588,2080
1589,2081
1590,2082
1591,2083
1592,2084
1593,2085
1594,2086
1595,2087
1596,2088
1597,2089
1598,2090
1599,2091
1600,2092
1601,2093
1602,2094
1603,2095
1604,2096
1605,2097
1606,2098
1607,2099
1608,2100
1609,2102
1610,2103
1611,2104
1612,2105
1613,2106
1614,2107
1615,2108
1616,2109
1617,2110
1618,2111
1619,2112
1620,2113
1621,2114
1622,2115
1623,2116
1624,2117
1625,2118
1626,2119
1627,2120
1628,2121
1629,2122
1630,2123
1631,2124
1632,2125
1633,2126
1634,2128
1635,2130
1636,2131
1637,2132
1638,2133
1639,2134
1640,2135
1641,2136
1642,2137
1643,2138
1644,2139
1645,2140
1646,2141
1647,2142
1648,2143
1649,2144
1650,2145
1651,2146
1652,2147
1653,2148
1654,2149
1655,2150
1656,2151
1657,2152
1658,2153
1659,2154
1660,2155
1661,2158
1662,2159
1663,2160
1664,2161
1665,2162
1666,2163
1667,2164
1668,2165
1669,2166
1670,2167
1671,2168
1672,2169
1673,2170
1674,2171
1675,2173
1676,2174
1677,2176
1678,2177
1679,2178
1680,2179
1681,2180
1682,2181
1683,2182
1684,2183
1685,2184
1686,2185
1687,2186
1688,2187
1689,2188
1690,2190
1691,2193
1692,2194
1693,2195
1694,2196
1695,2201
1696,2202
1697,2203
1698,2204
1699,2205
1700,2206
1701,2208
1702,2210
1703,2211
1704,2212
1705,2221
1706,2227
1707,2231
1708,2232
1709,2236
1710,2237
1711,2238
1712,2239
1713,2240
1714,2241
1715,2243
1716,2245
1717,2247
1718,2248
1719,2249
1720,2250
1721,2252
1722,2253
1723,2255
1724,2259
1725,2260
1726,2261
1727,2262
1728,2263
1729,2264
1730,2265
1731,2266
1732,2267
1733,2268
1734,2269
1735,2271
1736,2272
1737,2273
1738,2275
1739,2276
1740,2278
1741,2279
1742,2280
1743,2282
1744,2283
1745,2284
1746,2285
1747,2286
1748,2287
1749,2288
1750,2289
1751,2290
1752,2291
1753,2294
1754,2295
1755,2296
1756,2297
1757,2300
1758,2301
1759,2302
1760,2303
1761,2305
1762,2306
1763,2307
1764,2310
1765,2311
1766,2312
1767,2313
1768,2314
1769,2315
1770,2316
1771,2318
1772,2320
1773,2321
1774,2322
1775,2323
1776,2324
1777,2325
1778,2327
1779,2328
1780,2329
1781,2330
1782,2331
1783,2332
1784,2333
1785,2334
1786,2335
1787,2336
1788,2337
1789,2338
1790,2339
1791,2340
1792,2341
1793,2342
1794,2344
1795,2345
1796,2346
1797,2347
1798,2348
1799,2349
1800,2351
1801,2352
1802,2353
1803,2354
1804,2355
1805,2356
1806,2357
1807,2359
1808,2360
1809,2361
1810,2362
1811,2363
1812,2364
1813,2365
1814,2366
1815,2367
1816,2368
1817,2369
1818,2370
1819,2371
1820,2372
1821,2373
1822,2374
1823,2375
1824,2376
1825,2377
1826,2378
1827,2379
1828,2380
1829,2381
1830,2382
1831,2383
1832,2384
1833,2385
1834,2386
1835,2387
1836,2389
1837,2390
1838,2391
1839,2392
1840,2393
1841,2394
1842,2395
1843,2396
1844,2398
1845,2399
1846,2400
1847,2401
1848,2402
1849,2403
1850,2404
1851,2405
1852,2406
1853,2407
1854,2408
1855,2409
1856,2410
1857,2411
1858,2412
1859,2413
1860,2414
1861,2416
1862,2417
1863,2418
1864,2419
1865,2420
1866,2421
1867,2422
1868,2423
1869,2424
1870,2425
1871,2427
1872,2428
1873,2429
1874,2430
1875,2431
1876,2432
1877,2433
1878,2434
1879,2435
1880,2436
1881,2437
1882,2439
1883,2440
1884,2441
1885,2442
1886,2443
1887,2445
1888,2446
1889,2447
1890,2448
1891,2449
1892,2450
1893,2451
1894,2453
1895,2454
1896,2455
1897,2456
1898,2457
1899,2458
1900,2459
1901,2460
1902,2461
1903,2462
1904,2463
1905,2465
1906,2467
1907,2468
1908,2469
1909,2470
1910,2471
1911,2472
1912,2473
1913,2474
1914,2475
1915,2476
1916,2477
1917,2478
1918,2479
1919,2481
1920,2482
1921,2483
1922,2485
1923,2488
1924,2490
1925,2491
1926,2492
1927,2493
1928,2494
1929,2495
1930,2496
1931,2497
1932,2498
1933,2499
1934,2500
1935,2501
1936,2502
1937,2504
1938,2505
1939,2506
1940,2507
1941,2511
1942,2513
1943,2514
1944,2515
1945,2516
1946,2517
1947,2518
1948,2519
1949,2520
1950,2521
1951,2522
1952,2523
1953,2524
1954,2525
1955,2526
1956,2527
1957,2528
1958,2529
1959,2530
1960,2531
1961,2532
1962,2533
1963,2535
1964,2536
1965,2537
1966,2539
1967,2540
1968,2541
1969,2542
1970,2546
1971,2548
1972,2549
1973,2550
1974,2551
1975,2552
1976,2553
1977,2554
1978,2555
1979,2557
1980,2558
1981,2559
1982,2560
1983,2561
1984,2562
1985,2563
1986,2565
1987,2566
1988,2567
1989,2568
1990,2570
1991,2571
1992,2572
1993,2573
1994,2574
1995,2575
1996,2577
1997,2579
1998,2580
1999,2581
2000,2582
2001,2583
2002,2585
2003,2587
2004,2589
2005,2590
2006,2593
2007,2594
2008,2596
2009,2597
2010,2598
2011,2599
2012,2600
2013,2605
2014,2606
2015,2607
2016,2609
2017,2610
2018,2611
2019,2612
2020,2613
2021,2614
2022,2615
2023,2616
2024,2617
2025,2618
2026,2620
2027,2621
2028,2622
2029,2624
2030,2625
2031,2626
2032,2628
2033,2629
2034,2630
2035,2633
2036,2634
2037,2639
2038,2640
2039,2641
2040,2642
2041,2643
2042,2644
2043,2646
2044,2647
2045,2648
2046,2649
2047,2651
2048,2652
2049,2653
2050,2654
2051,2655
2052,2656
2053,2657
2054,2659
2055,2660
2056,2661
2057,2662
2058,2663
2059,2664
2060,2665
2061,2667
2062,2668
2063,2669
2064,2670
2065,2671
2066,2672
2067,2676
2068,2677
2069,2681
2070,2682
2071,2683
2072,2686
2073,2687
2074,2688
2075,2689
2076,2690
2077,2691
2078,2692
2079,2693
2080,2694
2081,2696
2082,2697
2083,2699
2084,2700
2085,2701
2086,2702
2087,2704
2088,2706
2089,2707
2090,2708
2091,2709
2092,2710
2093,2711
2094,2712
2095,2713
2096,2714
2097,2716
2098,2717
2099,2718
2100,2719
2101,2720
2102,2721
2103,2722
2104,2723
2105,2724
2106,2725
2107,2726
2108,2727
2109,2728
2110,2729
2111,2730
2112,2731
2113,2732
2114,2733
2115,2734
2116,2735
2117,2736
2118,2738
2119,2739
2120,2741
2121,2744
2122,2745
2123,2746
2124,2747
2125,2748
2126,2749
2127,2750
2128,2751
2129,2752
2130,2753
2131,2756
2132,2757
2133,2758
2134,2759
2135,2761
2136,2762
2137,2763
2138,2764
2139,2765
2140,2766
2141,2767
2142,2769
2143,2770
2144,2771
2145,2772
2146,2774
2147,2778
2148,2779
2149,2780
2150,2781
2151,2782
2152,2784
2153,2786
2154,2787
2155,2788
2156,2789
2157,2790
2158,2791
2159,2792
2160,2793
2161,2794
2162,2795
2163,2796
2164,2797
2165,2798
2166,2799
2167,2800
2168,2801
2169,2802
2170,2803
2171,2804
2172,2805
2173,2806
2174,2807
2175,2808
2176,2809
2177,2810
2178,2812
2179,2815
2180,2816
2181,2817
2182,2818
2183,2819
2184,2820
2185,2822
2186,2826
2187,2827
2188,2828
2189,2829
2190,2835
2191,2836
2192,2837
2193,2839
2194,2840
2195,2841
2196,2842
2197,2843
2198,2844
2199,2846
2200,2847
2201,2848
2202,2851
2203,2852
2204,2853
2205,2856
2206,2857
2207,2858
2208,2859
2209,2860
2210,2861
2211,2862
2212,2863
2213,2866
2214,2867
2215,2868
2216,2870
2217,2871
2218,2872
2219,2873
2220,2874
2221,2875
2222,2876
2223,2877
2224,2878
2225,2879
2226,2880
2227,2881
2228,2882
2229,2883
2230,2884
2231,2885
2232,2886
2233,2888
2234,2889
2235,2890
2236,2891
2237,2893
2238,2894
2239,2898
2240,2899
2241,2900
2242,2901
2243,2902
2244,2903
2245,2905
2246,2906
2247,2907
2248,2908
2249,2912
2250,2913
2251,2915
2252,2916
2253,2917
2254,2918
2255,2919
2256,2920
2257,2921
2258,2922
2259,2924
2260,2925
2261,2926
2262,2927
2263,2928
2264,2929
2265,2931
2266,2932
2267,2935
2268,2936
2269,2937
2270,2938
2271,2939
2272,2940
2273,2941
2274,2942
2275,2943
2276,2944
2277,2946
2278,2947
2279,2948
2280,2949
2281,2950
2282,2951
2283,2952
2284,2953
2285,2956
2286,2959
2287,2961
2288,2962
2289,2964
2290,2965
2291,2966
2292,2967
2293,2968
2294,2969
2295,2970
2296,2971
2297,2972
2298,2973
2299,2974
2300,2975
2301,2976
2302,2977
2303,2978
2304,2979
2305,2983
2306,2985
2307,2986
2308,2987
2309,2988
2310,2989
2311,2990
2312,2991
2313,2992
2314,2993
2315,2995
2316,2996
2317,2997
2318,3000
2319,3002
2320,3004
2321,3005
2322,3006
2323,3007
2324,3008
2325,3010
2326,3011
2327,3013
2328,3014
2329,3015
2330,3016
2331,3017
2332,3018
2333,3019
2334,3020
2335,3021
2336,3022
2337,3024
2338,3028
2339,3029
2340,3030
2341,3031
2342,3032
2343,3033
2344,3034
2345,3035
2346,3036
2347,3037
2348,3038
2349,3039
2350,3040
2351,3041
2352,3042
2353,3043
2354,3044
2355,3045
2356,3046
2357,3048
2358,3049
2359,3051
2360,3052
2361,3053
2362,3054
2363,3055
2364,3060
2365,3061
2366,3062
2367,3063
2368,3064
2369,3066
2370,3067
2371,3068
2372,3069
2373,3070
2374,3071
2375,3072
2376,3074
2377,3075
2378,3076
2379,3077
2380,3078
2381,3079
2382,3081
2383,3082
2384,3083
2385,3086
2386,3087
2387,3088
2388,3089
2389,3090
2390,3091
2391,3093
2392,3094
2393,3095
2394,3096
2395,3097
2396,3098
2397,3099
2398,3100
2399,3101
2400,3102
2401,3103
2402,3104
2403,3105
2404,3107
2405,3108
2406,3109
2407,3110
2408,3111
2409,3112
2410,3113
2411,3114
2412,3115
2413,3117
2414,3118
2415,3120
2416,3125
2417,3127
2418,3128
2419,3129
2420,3130
2421,3133
2422,3134
2423,3135
2424,3138
2425,3141
2426,3142
2427,3143
2428,3144
2429,3145
2430,3146
2431,3147
2432,3148
2433,3150
2434,3152
2435,3153
2436,3155
2437,3156
2438,3157
2439,3158
2440,3159
2441,3160
2442,3161
2443,3163
2444,3165
2445,3167
2446,3168
2447,3169
2448,3173
2449,3174
2450,3175
2451,3176
2452,3177
2453,3178
2454,3179
2455,3180
2456,3181
2457,3182
2458,3183
2459,3185
2460,3186
2461,3188
2462,3189
2463,3190
2464,3194
2465,3196
2466,3197
2467,3198
2468,3199
2469,3200
2470,3201
2471,3203
2472,3204
2473,3205
2474,3206
2475,3208
2476,3210
2477,3211
2478,3213
2479,3214
2480,3217
2481,3219
2482,3221
2483,3223
2484,3224
2485,3225
2486,3230
2487,3232
2488,3235
2489,3238
2490,3239
2491,3241
2492,3243
2493,3244
2494,3246
2495,3247
2496,3248
2497,3249
2498,3250
2499,3251
2500,3252
2501,3253
2502,3254
2503,3255
2504,3256
2505,3257
2506,3258
2507,3259
2508,3260
2509,3261
2510,3262
2511,3263
2512,3264
2513,3265
2514,3266
2515,3267
2516,3268
2517,3269
2518,3270
2519,3271
2520,3272
2521,3273
2522,3274
2523,3275
2524,3276
2525,3281
2526,3284
2527,3285
2528,3286
2529,3287
2530,3289
2531,3296
2532,3298
2533,3299
2534,3300
2535,3301
2536,3302
2537,3304
2538,3306
2539,3307
2540,3308
2541,3310
2542,3311
2543,3316
2544,3317
2545,3320
2546,3324
2547,3325
2548,3326
2549,3327
2550,3328
2551,3329
2552,3330
2553,3334
2554,3338
2555,3339
2556,3340
2557,3341
2558,3342
2559,3343
2560,3347
2561,3350
2562,3354
2563,3355
2564,3357
2565,3358
2566,3359
2567,3360
2568,3361
2569,3362
2570,3363
2571,3364
2572,3365
2573,3367
2574,3368
2575,3370
2576,3371
2577,3372
2578,3375
2579,3379
2580,3384
2581,3385
2582,3386
2583,3387
2584,3388
2585,3390
2586,3391
2587,3392
2588,3393
2589,3394
2590,3395
2591,3396
2592,3397
2593,3398
2594,3399
2595,3400
2596,3401
2597,3403
2598,3404
2599,3405
2600,3406
2601,3408
2602,3409
2603,3412
2604,3414
2605,3415
2606,3417
2607,3418
2608,3420
2609,3421
2610,3422
2611,3423
2612,3424
2613,3425
2614,3426
2615,3427
2616,3428
2617,3429
2618,3430
2619,3431
2620,3432
2621,3433
2622,3434
2623,3435
2624,3436
2625,3438
2626,3439
2627,3440
2628,3441
2629,3444
2630,3445
2631,3446
2632,3447
2633,3448
2634,3450
2635,3451
2636,3452
2637,3453
2638,3454
2639,3456
2640,3457
2641,3459
2642,3461
2643,3462
2644,3466
2645,3467
2646,3468
2647,3469
2648,3470
2649,3471
2650,3475
2651,3476
2652,3477
2653,3478
2654,3479
2655,3480
2656,3481
2657,3483
2658,3484
2659,3487
2660,3489
2661,3491
2662,3494
2663,3496
2664,3497
2665,3498
2666,3499
2667,3500
2668,3501
2669,3502
2670,3503
2671,3504
2672,3505
2673,3506
2674,3507
2675,3508
2676,3509
2677,3510
2678,3511
2679,3512
2680,3513
2681,3514
2682,3515
2683,3516
2684,3518
2685,3519
2686,3521
2687,3524
2688,3525
2689,3526
2690,3527
2691,3528
2692,3529
2693,3534
2694,3535
2695,3536
2696,3537
2697,3538
2698,3539
2699,3543
2700,3544
2701,3545
2702,3546
2703,3547
2704,3548
2705,3549
2706,3550
2707,3551
2708,3552
2709,3553
2710,3554
2711,3555
2712,3556
2713,3557
2714,3559
2715,3563
2716,3564
2717,3565
2718,3566
2719,3569
2720,3571
2721,3572
2722,3576
2723,3577
2724,3578
2725,3579
2726,3581
2727,3584
2728,3587
2729,3588
2730,3590
2731,3591
2732,3593
2733,3594
2734,3596
2735,3597
2736,3598
2737,3599
2738,3600
2739,3604
2740,3605
2741,3606
2742,3608
2743,3613
2744,3614
2745,3615
2746,3616
2747,3617
2748,3618
2749,3619
2750,3620
2751,3621
2752,3622
2753,3623
2754,3624
2755,3626
2756,3627
2757,3628
2758,3629
2759,3632
2760,3633
2761,3634
2762,3635
2763,3638
2764,3639
2765,3643
2766,3645
2767,3646
2768,3649
2769,3653
2770,3654
2771,3655
2772,3658
2773,3660
2774,3661
2775,3662
2776,3663
2777,3664
2778,3668
2779,3669
2780,3671
2781,3672
2782,3673
2783,3674
2784,3675
2785,3676
2786,3677
2787,3678
2788,3679
2789,3680
2790,3681
2791,3682
2792,3683
2793,3684
2794,3685
2795,3686
2796,3688
2797,3689
2798,3690
2799,3691
2800,3692
2801,3693
2802,3694
2803,3695
2804,3696
2805,3697
2806,3698
2807,3699
2808,3700
2809,3701
2810,3702
2811,3703
2812,3704
2813,3705
2814,3706
2815,3707
2816,3708
2817,3709
2818,3710
2819,3712
2820,3713
2821,3714
2822,3715
2823,3716
2824,3717
2825,3718
2826,3719
2827,3720
2828,3723
2829,3724
2830,3725
2831,3726
2832,3727
2833,3728
2834,3729
2835,3730
2836,3731
2837,3732
2838,3733
2839,3734
2840,3735
2841,3736
2842,3737
2843,3738
2844,3739
2845,3740
2846,3741
2847,3742
2848,3743
2849,3744
2850,3745
2851,3746
2852,3747
2853,3751
2854,3752
2855,3753
2856,3754
2857,3755
2858,3756
2859,3758
2860,3759
2861,3760
2862,3761
2863,3763
2864,3764
2865,3765
2866,3766
2867,3767
2868,3768
2869,3769
2870,3770
2871,3771
2872,3773
2873,3774
2874,3783
2875,3784
2876,3785
2877,3786
2878,3787
2879,3788
2880,3789
2881,3790
2882,3791
2883,3792
2884,3793
2885,3794
2886,3795
2887,3797
2888,3798
2889,3799
2890,3801
2891,3802
2892,3807
2893,3808
2894,3809
2895,3810
2896,3811
2897,3812
2898,3813
2899,3814
2900,3816
2901,3819
2902,3820
2903,3821
2904,3822
2905,3823
2906,3824
2907,3825
2908,3826
2909,3827
2910,3830
2911,3831
2912,3832
2913,3833
2914,3834
2915,3835
2916,3836
2917,3837
2918,3838
2919,3839
2920,3840
2921,3841
2922,3843
2923,3844
2924,3846
2925,3849
2926,3851
2927,3852
2928,3854
2929,3855
2930,3857
2931,3858
2932,3859
2933,3861
2934,3862
2935,3863
2936,3864
2937,3865
2938,3868
2939,3869
2940,3870
2941,3871
2942,3872
2943,3873
2944,3877
2945,3879
2946,3882
2947,3884
2948,3885
2949,3886
2950,3889
2951,3892
2952,3893
2953,3895
2954,3896
2955,3897
2956,3898
2957,3901
2958,3903
2959,3906
2960,3908
2961,3909
2962,3910
2963,3911
2964,3912
2965,3914
2966,3915
2967,3916
2968,3917
2969,3918
2970,3919
2971,3920
2972,3923
2973,3925
2974,3926
2975,3927
2976,3928
2977,3929
2978,3930
2979,3932
2980,3936
2981,3937
2982,3943
2983,3945
2984,3946
2985,3947
2986,3948
2987,3949
2988,3950
2989,3951
2990,3952
2991,3953
2992,3955
2993,3956
2994,3957
2995,3959
2996,3961
2997,3962
2998,3963
2999,3964
3000,3965
3001,3966
3002,3967
3003,3968
3004,3969
3005,3970
3006,3972
3007,3973
3008,3974
3009,3975
3010,3977
3011,3978
3012,3979
3013,3980
3014,3981
3015,3982
3016,3983
3017,3984
3018,3985
3019,3986
3020,3987
3021,3988
3022,3989
3023,3990
3024,3991
3025,3992
3026,3993
3027,3994
3028,3996
3029,3997
3030,3998
3031,3999
3032,4000
3033,4002
3034,4003
3035,4005
3036,4006
3037,4007
3038,4008
3039,4009
3040,4010
3041,4011
3042,4012
3043,4014
3044,4015
3045,4016
3046,4017
3047,4018
3048,4019
3049,4020
3050,4021
3051,4022
3052,4023
3053,4024
3054,4025
3055,4027
3056,4028
3057,4029
3058,4030
3059,4031
3060,4033
3061,4034
3062,4035
3063,4036
3064,4037
3065,4039
3066,4040
3067,4041
3068,4042
3069,4043
3070,4046
3071,4047
3072,4052
3073,4053
3074,4054
3075,4055
3076,4056
3077,4061
3078,4062
3079,4063
3080,4065
3081,4066
3082,4067
3083,4068
3084,4069
3085,4077
3086,4079
3087,4080
3088,4081
3089,4082
3090,4084
3091,4085
3092,4086
3093,4089
3094,4090
3095,4091
3096,4092
3097,4095
3098,4098
3099,4100
3100,4102
3101,4103
3102,4104
3103,4105
3104,4109
3105,4111
3106,4113
3107,4116
3108,4117
3109,4119
3110,4121
3111,4122
3112,4123
3113,4124
3114,4125
3115,4126
3116,4127
3117,4128
3118,4130
3119,4131
3120,4132
3121,4133
3122,4135
3123,4141
3124,4142
3125,4143
3126,4144
3127,4146
3128,4148
3129,4149
3130,4151
3131,4152
3132,4153
3133,4154
3134,4155
3135,4158
3136,4159
3137,4160
3138,4161
3139,4162
3140,4164
3141,4166
3142,4167
3143,4168
3144,4169
3145,4174
3146,4175
3147,4178
3148,4181
3149,4183
3150,4184
3151,4186
3152,4187
3153,4188
3154,4189
3155,4190
3156,4191
3157,4194
3158,4195
3159,4198
3160,4200
3161,4203
3162,4205
3163,4206
3164,4207
3165,4210
3166,4211
3167,4212
3168,4213
3169,4214
3170,4215
3171,4216
3172,4217
3173,4218
3174,4219
3175,4220
3176,4221
3177,4222
3178,4223
3179,4224
3180,4225
3181,4226
3182,4228
3183,4229
3184,4231
3185,4232
3186,4233
3187,4234
3188,4235
3189,4237
3190,4238
3191,4239
3192,4240
3193,4241
3194,4242
3195,4246
3196,4247
3197,4248
3198,4251
3199,4254
3200,4255
3201,4256
3202,4259
3203,4262
3204,4263
3205,4265
3206,4266
3207,4267
3208,4268
3209,4270
3210,4273
3211,4274
3212,4275
3213,4276
3214,4277
3215,4278
3216,4279
3217,4280
3218,4282
3219,4283
3220,4285
3221,4290
3222,4291
3223,4292
3224,4293
3225,4294
3226,4296
3227,4297
3228,4298
3229,4299
3230,4304
3231,4305
3232,4306
3233,4308
3234,4310
3235,4312
3236,4313
3237,4316
3238,4317
3239,4318
3240,4321
3241,4322
3242,4323
3243,4325
3244,4326
3245,4327
3246,4329
3247,4331
3248,4332
3249,4333
3250,4334
3251,4336
3252,4337
3253,4338
3254,4339
3255,4340
3256,4341
3257,4342
3258,4343
3259,4344
3260,4345
3261,4347
3262,4349
3263,4350
3264,4351
3265,4352
3266,4353
3267,4354
3268,4355
3269,4356
3270,4357
3271,4359
3272,4360
3273,4361
3274,4366
3275,4367
3276,4368
3277,4369
3278,4370
3279,4371
3280,4372
3281,4373
3282,4378
3283,4380
3284,4381
3285,4383
3286,4386
3287,4387
3288,4388
3289,4389
3290,4390
3291,4392
3292,4393
3293,4394
3294,4396
3295,4397
3296,4398
3297,4401
3298,4403
3299,4404
3300,4405
3301,4406
3302,4407
3303,4409
3304,4410
3305,4411
3306,4414
3307,4415
3308,4419
3309,4420
3310,4422
3311,4424
3312,4425
3313,4426
3314,4427
3315,4428
3316,4429
3317,4432
3318,4433
3319,4437
3320,4438
3321,4439
3322,4440
3323,4441
3324,4442
3325,4443
3326,4444
3327,4446
3328,4447
3329,4448
3330,4450
3331,4452
3332,4454
3333,4458
3334,4462
3335,4464
3336,4465
3337,4466
3338,4467
3339,4470
3340,4471
3341,4473
3342,4474
3343,4476
3344,4477
3345,4478
3346,4479
3347,4480
3348,4482
3349,4483
3350,4484
3351,4485
3352,4486
3353,4487
3354,4488
3355,4489
3356,4492
3357,4493
3358,4494
3359,4495
3360,4496
3361,4498
3362,4499
3363,4500
3364,4501
3365,4502
3366,4504
3367,4506
3368,4508
3369,4509
3370,4515
3371,4516
3372,4517
3373,4518
3374,4519
3375,4520
3376,4523
3377,4524
3378,4526
3379,4529
3380,4531
3381,4532
3382,4533
3383,4534
3384,4535
3385,4537
3386,4541
3387,4543
3388,4544
3389,4545
3390,4546
3391,4552
3392,4553
3393,4555
3394,4557
3395,4558
3396,4559
3397,4561
3398,4562
3399,4563
3400,4564
3401,4565
3402,4566
3403,4568
3404,4570
3405,4571
3406,4572
3407,4574
3408,4577
3409,4578
3410,4580
3411,4584
3412,4585
3413,4587
3414,4589
3415,4591
3416,4593
3417,4595
3418,4597
3419,4599
3420,4600
3421,4602
3422,4603
3423,4605
3424,4610
3425,4612
3426,4613
3427,4614
3428,4615
3429,4616
3430,4617
3431,4618
3432,4619
3433,4620
3434,4621
3435,4622
3436,4623
3437,4624
3438,4625
3439,4626
3440,4628
3441,4629
3442,4630
3443,4632
3444,4633
3445,4634
3446,4635
3447,4636
3448,4637
3449,4638
3450,4639
3451,4640
3452,4641
3453,4642
3454,4643
3455,4644
3456,4645
3457,4646
3458,4649
3459,4652
3460,4654
3461,4658
3462,4661
3463,4662
3464,4663
3465,4664
3466,4665
3467,4670
3468,4672
3469,4673
3470,4675
3471,4676
3472,4677
3473,4678
3474,4679
3475,4680
3476,4681
3477,4682
3478,4683
3479,4685
3480,4686
3481,4688
3482,4690
3483,4692
3484,4696
3485,4697
3486,4699
3487,4700
3488,4701
3489,4703
3490,4704
3491,4705
3492,4709
3493,4710
3494,4711
3495,4713
3496,4714
3497,4718
3498,4719
3499,4720
3500,4721
3501,4723
3502,4725
3503,4727
3504,4728
3505,4732
3506,4733
3507,4734
3508,4735
3509,4736
3510,4738
3511,4741
3512,4743
3513,4744
3514,4745
3515,4748
3516,4749
3517,4750
3518,4754
3519,4756
3520,4757
3521,4758
3522,4765
3523,4767
3524,4769
3525,4770
3526,4771
3527,4772
3528,4774
3529,4775
3530,4776
3531,4782
3532,4783
3533,4784
3534,4786
3535,4787
3536,4788
3537,4789
3538,4792
3539,4794
3540,4795
3541,4798
3542,4799
3543,4801
3544,4802
3545,4803
3546,4806
3547,4808
3548,4809
3549,4811
3550,4812
3551,4813
3552,4814
3553,4815
3554,4816
3555,4821
3556,4822
3557,4823
3558,4826
3559,4830
3560,4833
3561,4834
3562,4835
3563,4837
3564,4840
3565,4842
3566,4844
3567,4845
3568,4846
3569,4847
3570,4848
3571,4849
3572,4850
3573,4852
3574,4855
3575,4857
3576,4862
3577,4863
3578,4865
3579,4866
3580,4867
3581,4871
3582,4872
3583,4873
3584,4874
3585,4876
3586,4878
3587,4880
3588,4881
3589,4885
3590,4886
3591,4887
3592,4888
3593,4889
3594,4890
3595,4893
3596,4896
3597,4898
3598,4899
3599,4900
3600,4901
3601,4902
3602,4903
3603,4909
3604,4911
3605,4912
3606,4914
3607,4915
3608,4916
3609,4919
3610,4920
3611,4921
3612,4927
3613,4928
3614,4929
3615,4932
3616,4936
3617,4939
3618,4941
3619,4945
3620,4947
3621,4949
3622,4950
3623,4951
3624,4954
3625,4956
3626,4957
3627,4958
3628,4961
3629,4963
3630,4965
3631,4966
3632,4967
3633,4969
3634,4970
3635,4971
3636,4973
3637,4974
3638,4975
3639,4976
3640,4977
3641,4978
3642,4979
3643,4980
3644,4981
3645,4987
3646,4989
3647,4990
3648,4991
3649,4992
3650,4993
3651,4994
3652,4995
3653,4996
3654,4998
3655,4999
3656,5001
3657,5002
3658,5004
3659,5007
3660,5008
3661,5009
3662,5010
3663,5011
3664,5012
3665,5013
3666,5014
3667,5015
3668,5016
3669,5017
3670,5021
3671,5022
3672,5023
3673,5025
3674,5026
3675,5027
3676,5033
3677,5034
3678,5036
3679,5038
3680,5039
3681,5040
3682,5046
3683,5047
3684,5048
3685,5049
3686,5051
3687,5053
3688,5054
3689,5055
3690,5056
3691,5059
3692,5060
3693,5062
3694,5064
3695,5065
3696,5066
3697,5069
3698,5072
3699,5073
3700,5074
3701,5075
3702,5076
3703,5077
3704,5080
3705,5081
3706,5092
3707,5093
3708,5094
3709,5095
3710,5096
3711,5099
3712,5101
3713,5102
3714,5103
3715,5105
3716,5106
3717,5107
3718,5108
3719,5109
3720,5110
3721,5111
3722,5112
3723,5114
3724,5117
3725,5118
3726,5120
3727,5121
3728,5122
3729,5125
3730,5127
3731,5128
3732,5134
3733,5135
3734,5137
3735,5139
3736,5140
3737,5141
3738,5146
3739,5147
3740,5151
3741,5152
3742,5159
3743,5165
3744,5168
3745,5169
3746,5170
3747,5171
3748,5172
3749,5177
3750,5184
3751,5187
3752,5193
3753,5198
3754,5199
3755,5205
3756,5213
3757,5214
3758,5218
3759,5219
3760,5220
3761,5222
3762,5225
3763,5226
3764,5231
3765,5237
3766,5238
3767,5241
3768,5244
3769,5246
3770,5247
3771,5248
3772,5250
3773,5254
3774,5255
3775,5258
3776,5264
3777,5265
3778,5266
3779,5267
3780,5269
3781,5272
3782,5279
3783,5282
3784,5283
3785,5284
3786,5288
3787,5291
3788,5292
3789,5293
3790,5294
3791,5296
3792,5297
3793,5298
3794,5299
3795,5300
3796,5303
3797,5304
3798,5305
3799,5308
3800,5309
3801,5310
3802,5311
3803,5312
3804,5313
3805,5316
3806,5319
3807,5323
3808,5324
3809,5325
3810,5329
3811,5333
3812,5334
3813,5337
3814,5339
3815,5341
3816,5346
3817,5348
3818,5349
3819,5352
3820,5353
3821,5354
3822,5357
3823,5359
3824,5361
3825,5363
3826,5364
3827,5367
3828,5372
3829,5373
3830,5377
3831,5378
3832,5379
3833,5380
3834,5382
3835,5383
3836,5385
3837,5387
3838,5388
3839,5389
3840,5390
3841,5391
3842,5392
3843,5397
3844,5398
3845,5400
3846,5401
3847,5404
3848,5410
3849,5414
3850,5415
3851,5417
3852,5418
3853,5419
3854,5420
3855,5421
3856,5422
3857,5423
3858,5427
3859,5428
3860,5433
3861,5434
3862,5435
3863,5437
3864,5438
3865,5440
3866,5442
3867,5443
3868,5444
3869,5445
3870,5446
3871,5447
3872,5448
3873,5449
3874,5450
3875,5451
3876,5452
3877,5453
3878,5454
3879,5456
3880,5458
3881,5459
3882,5460
3883,5462
3884,5463
3885,5464
3886,5470
3887,5472
3888,5475
3889,5476
3890,5477
3891,5478
3892,5479
3893,5480
3894,5481
3895,5482
3896,5483
3897,5485
3898,5489
3899,5493
3900,5497
3901,5498
3902,5499
3903,5500
3904,5501
3905,5502
3906,5504
3907,5505
3908,5506
3909,5507
3910,5508
3911,5515
3912,5516
3913,5521
3914,5522
3915,5523
3916,5524
3917,5525
3918,5526
3919,5527
3920,5528
3921,5529
3922,5530
3923,5531
3924,5538
3925,5540
3926,5541
3927,5544
3928,5548
3929,5553
3930,5555
3931,5556
3932,5563
3933,5564
3934,5568
3935,5569
3936,5570
3937,5572
3938,5573
3939,5574
3940,5577
3941,5581
3942,5582
3943,5584
3944,5585
3945,5588
3946,5589
3947,5596
3948,5597
3949,5598
3950,5601
3951,5602
3952,5603
3953,5604
3954,5605
3955,5607
3956,5608
3957,5609
3958,5610
3959,5611
3960,5612
3961,5613
3962,5617
3963,5618
3964,5620
3965,5621
3966,5625
3967,5628
3968,5629
3969,5630
3970,5632
3971,5633
3972,5636
3973,5637
3974,5638
3975,5640
3976,5642
3977,5643
3978,5644
3979,5646
3980,5647
3981,5648
3982,5649
3983,5650
3984,5651
3985,5653
3986,5663
3987,5664
3988,5665
3989,5666
3990,5667
3991,5668
3992,5669
3993,5670
3994,5672
3995,5673
3996,5675
3997,5677
3998,5678
3999,5679
4000,5680
4001,5682
4002,5684
4003,5685
4004,5686
4005,5689
4006,5690
4007,5691
4008,5692
4009,5693
4010,5694
4011,5696
4012,5705
4013,5707
4014,5712
4015,5721
4016,5723
4017,5731
4018,5732
4019,5735
4020,5745
4021,5747
4022,5749
4023,5752
4024,5765
4025,5772
4026,5773
4027,5777
4028,5780
4029,5782
4030,5784
4031,5785
4032,5787
4033,5788
4034,5791
4035,5792
4036,5796
4037,5797
4038,5799
4039,5801
4040,5803
4041,5804
4042,5808
4043,5809
4044,5810
4045,5812
4046,5815
4047,5816
4048,5817
4049,5818
4050,5820
4051,5825
4052,5826
4053,5829
4054,5833
4055,5836
4056,5839
4057,5840
4058,5841
4059,5843
4060,5847
4061,5853
4062,5859
4063,5867
4064,5872
4065,5873
4066,5874
4067,5875
4068,5876
4069,5878
4070,5879
4071,5881
4072,5882
4073,5883
4074,5888
4075,5890
4076,5891
4077,5893
4078,5898
4079,5899
4080,5900
4081,5902
4082,5903
4083,5909
4084,5914
4085,5915
4086,5927
4087,5932
4088,5938
4089,5940
4090,5941
4091,5942
4092,5943
4093,5944
4094,5945
4095,5947
4096,5949
4097,5951
4098,5952
4099,5954
4100,5955
4101,5956
4102,5957
4103,5958
4104,5959
4105,5961
4106,5962
4107,5963
4108,5965
4109,5968
4110,5969
4111,5970
4112,5971
4113,5974
4114,5980
4115,5981
4116,5983
4117,5989
4118,5990
4119,5991
4120,5992
4121,5993
4122,5994
4123,5995
4124,5999
4125,6001
4126,6002
4127,6003
4128,6005
4129,6006
4130,6008
4131,6012
4132,6013
4133,6014
4134,6016
4135,6021
4136,6022
4137,6023
4138,6025
4139,6027
4140,6031
4141,6032
4142,6039
4143,6040
4144,6041
4145,6051
4146,6057
4147,6058
4148,6059
4149,6060
4150,6062
4151,6063
4152,6067
4153,6077
4154,6078
4155,6093
4156,6094
4157,6100
4158,6101
4159,6104
4160,6122
4161,6123
4162,6125
4163,6140
4164,6143
4165,6153
4166,6155
4167,6156
4168,6157
4169,6158
4170,6159
4171,6162
4172,6163
4173,6166
4174,6170
4175,6178
4176,6183
4177,6184
4178,6185
4179,6186
4180,6187
4181,6188
4182,6193
4183,6196
4184,6197
4185,6201
4186,6203
4187,6204
4188,6212
4189,6213
4190,6214
4191,6215
4192,6216
4193,6218
4194,6219
4195,6220
4196,6222
4197,6223
4198,6228
4199,6229
4200,6230
4201,6232
4202,6233
4203,6235
4204,6237
4205,6238
4206,6239
4207,6242
4208,6243
4209,6244
4210,6249
4211,6250
4212,6251
4213,6252
4214,6254
4215,6263
4216,6264
4217,6265
4218,6266
4219,6268
4220,6269
4221,6270
4222,6271
4223,6273
4224,6279
4225,6280
4226,6281
4227,6283
4228,6286
4229,6287
4230,6288
4231,6290
4232,6291
4233,6294
4234,6296
4235,6297
4236,6298
4237,6299
4238,6300
4239,6301
4240,6303
4241,6305
4242,6306
4243,6308
4244,6314
4245,6315
4246,6316
4247,6319
4248,6322
4249,6323
4250,6325
4251,6327
4252,6329
4253,6331
4254,6332
4255,6333
4256,6335
4257,6337
4258,6338
4259,6339
4260,6341
4261,6344
4262,6345
4263,6350
4264,6356
4265,6357
4266,6358
4267,6365
4268,6367
4269,6368
4270,6370
4271,6371
4272,6373
4273,6374
4274,6375
4275,6377
4276,6378
4277,6379
4278,6380
4279,6383
4280,6385
4281,6387
4282,6392
4283,6394
4284,6405
4285,6410
4286,6412
4287,6413
4288,6422
4289,6424
4290,6425
4291,6428
4292,6429
4293,6433
4294,6436
4295,6440
4296,6441
4297,6442
4298,6448
4299,6450
4300,6452
4301,6454
4302,6457
4303,6460
4304,6461
4305,6464
4306,6466
4307,6478
4308,6480
4309,6482
4310,6483
4311,6484
4312,6485
4313,6493
4314,6502
4315,6503
4316,6506
4317,6509
4318,6516
4319,6517
4320,6519
4321,6523
4322,6525
4323,6530
4324,6533
4325,6534
4326,6535
4327,6536
4328,6537
4329,6538
4330,6539
4331,6541
4332,6542
4333,6545
4334,6547
4335,6548
4336,6549
4337,6550
4338,6552
4339,6558
4340,6559
4341,6561
4342,6564
4343,6565
4344,6566
4345,6567
4346,6568
4347,6571
4348,6579
4349,6581
4350,6582
4351,6584
4352,6586
4353,6587
4354,6591
4355,6592
4356,6593
4357,6595
4358,6596
4359,6598
4360,6609
4361,6611
4362,6612
4363,6614
4364,6615
4365,6617
4366,6618
4367,6619
4368,6620
4369,6624
4370,6625
4371,6629
4372,6636
4373,6638
4374,6639
4375,6643
4376,6645
4377,6646
4378,6650
4379,6658
4380,6659
4381,6660
4382,6662
4383,6663
4384,6664
4385,6665
4386,6666
4387,6667
4388,6668
4389,6669
4390,6671
4391,6672
4392,6678
4393,6679
4394,6684
4395,6686
4396,6687
4397,6695
4398,6702
4399,6703
4400,6705
4401,6707
4402,6708
4403,6709
4404,6710
4405,6711
4406,6713
4407,6720
4408,6721
4409,6722
4410,6724
4411,6725
4412,6730
4413,6731
4414,6732
4415,6734
4416,6735
4417,6743
4418,6744
4419,6748
4420,6750
4421,6751
4422,6753
4423,6754
4424,6755
4425,6763
4426,6764
4427,6765
4428,6768
4429,6770
4430,6772
4431,6773
4432,6774
4433,6776
4434,6777
4435,6779
4436,6780
4437,6782
4438,6783
4439,6784
4440,6785
4441,6786
4442,6787
4443,6789
4444,6790
4445,6791
4446,6793
4447,6794
4448,6796
4449,6797
4450,6798
4451,6800
4452,6803
4453,6807
4454,6808
4455,6809
4456,6810
4457,6811
4458,6812
4459,6815
4460,6816
4461,6818
4462,6820
4463,6827
4464,6832
4465,6849
4466,6850
4467,6851
4468,6852
4469,6856
4470,6857
4471,6858
4472,6862
4473,6863
4474,6867
4475,6868
4476,6869
4477,6870
4478,6872
4479,6873
4480,6874
4481,6879
4482,6880
4483,6881
4484,6882
4485,6883
4486,6884
4487,6885
4488,6886
4489,6887
4490,6888
4491,6889
4492,6890
4493,6893
4494,6896
4495,6898
4496,6902
4497,6909
4498,6918
4499,6920
4500,6927
4501,6932
4502,6934
4503,6935
4504,6936
4505,6942
4506,6944
4507,6945
4508,6946
4509,6947
4510,6950
4511,6951
4512,6952
4513,6953
4514,6954
4515,6957
4516,6958
4517,6959
4518,6961
4519,6963
4520,6966
4521,6967
4522,6970
4523,6971
4524,6974
4525,6975
4526,6976
4527,6977
4528,6978
4529,6979
4530,6981
4531,6982
4532,6983
4533,6984
4534,6985
4535,6986
4536,6987
4537,6989
4538,6990
4539,6991
4540,6992
4541,6993
4542,6994
4543,6995
4544,6996
4545,6997
4546,6999
4547,7000
4548,7001
4549,7003
4550,7004
4551,7005
4552,7007
4553,7008
4554,7009
4555,7010
4556,7011
4557,7012
4558,7013
4559,7016
4560,7017
4561,7018
4562,7019
4563,7020
4564,7022
4565,7023
4566,7024
4567,7025
4568,7026
4569,7027
4570,7028
4571,7029
4572,7030
4573,7033
4574,7034
4575,7035
4576,7036
4577,7037
4578,7039
4579,7040
4580,7042
4581,7043
4582,7044
4583,7045
4584,7046
4585,7048
4586,7051
4587,7054
4588,7055
4589,7056
4590,7058
4591,7059
4592,7060
4593,7061
4594,7062
4595,7063
4596,7064
4597,7065
4598,7067
4599,7068
4600,7069
4601,7070
4602,7071
4603,7072
4604,7073
4605,7074
4606,7075
4607,7076
4608,7078
4609,7079
4610,7080
4611,7082
4612,7084
4613,7086
4614,7087
4615,7088
4616,7089
4617,7090
4618,7091
4619,7095
4620,7096
4621,7099
4622,7101
4623,7102
4624,7104
4625,7107
4626,7114
4627,7115
4628,7116
4629,7117
4630,7118
4631,7121
4632,7122
4633,7123
4634,7124
4635,7126
4636,7132
4637,7135
4638,7136
4639,7137
4640,7139
4641,7142
4642,7143
4643,7147
4644,7149
4645,7150
4646,7151
4647,7153
4648,7154
4649,7155
4650,7156
4651,7157
4652,7158
4653,7160
4654,7161
4655,7162
4656,7163
4657,7164
4658,7165
4659,7169
4660,7171
4661,7173
4662,7175
4663,7177
4664,7178
4665,7179
4666,7193
4667,7198
4668,7199
4669,7206
4670,7208
4671,7209
4672,7210
4673,7212
4674,7215
4675,7216
4676,7217
4677,7218
4678,7222
4679,7223
4680,7225
4681,7228
4682,7234
4683,7235
4684,7236
4685,7238
4686,7243
4687,7247
4688,7250
4689,7254
4690,7255
4691,7256
4692,7257
4693,7258
4694,7259
4695,7260
4696,7261
4697,7263
4698,7265
4699,7285
4700,7293
4701,7294
4702,7297
4703,7299
4704,7300
4705,7301
4706,7303
4707,7305
4708,7307
4709,7308
4710,7310
4711,7311
4712,7316
4713,7317
4714,7318
4715,7319
4716,7320
4717,7321
4718,7323
4719,7324
4720,7325
4721,7327
4722,7333
4723,7334
4724,7335
4725,7340
4726,7345
4727,7346
4728,7347
4729,7348
4730,7352
4731,7354
4732,7360
4733,7361
4734,7362
4735,7364
4736,7365
4737,7366
4738,7367
4739,7369
4740,7371
4741,7372
4742,7373
4743,7374
4744,7375
4745,7376
4746,7377
4747,7379
4748,7380
4749,7381
4750,7382
4751,7386
4752,7387
4753,7389
4754,7394
4755,7395
4756,7396
4757,7416
4758,7419
4759,7437
4760,7438
4761,7439
4762,7442
4763,7444
4764,7445
4765,7448
4766,7449
4767,7450
4768,7451
4769,7453
4770,7454
4771,7458
4772,7459
4773,7460
4774,7478
4775,7481
4776,7482
4777,7484
4778,7486
4779,7487
4780,7489
4781,7493
4782,7505
4783,7541
4784,7560
4785,7562
4786,7564
4787,7566
4788,7569
4789,7570
4790,7572
4791,7573
4792,7579
4793,7584
4794,7587
4795,7614
4796,7616
4797,7617
4798,7618
4799,7619
4800,7620
4801,7624
4802,7636
4803,7646
4804,7647
4805,7649
4806,7669
4807,7698
4808,7700
4809,7701
4810,7702
4811,7704
4812,7705
4813,7706
4814,7707
4815,7708
4816,7713
4817,7714
4818,7720
4819,7725
4820,7728
4821,7743
4822,7745
4823,7748
4824,7749
4825,7756
4826,7757
4827,7759
4828,7762
4829,7766
4830,7767
4831,7771
4832,7773
4833,7781
4834,7782
4835,7791
4836,7792
4837,7802
4838,7809
4839,7810
4840,7811
4841,7812
4842,7815
4843,7817
4844,7820
4845,7826
4846,7827
4847,7831
4848,7832
4849,7833
4850,7834
4851,7836
4852,7840
4853,7841
4854,7842
4855,7844
4856,7845
4857,7846
4858,7879
4859,7883
4860,7888
4861,7889
4862,7891
4863,7894
4864,7895
4865,7896
4866,7915
4867,7924
4868,7925
4869,7926
4870,7930
4871,7932
4872,7933
4873,7934
4874,7936
4875,7937
4876,7938
4877,7939
4878,7940
4879,7941
4880,7942
4881,7943
4882,7944
4883,7951
4884,7976
4885,7979
4886,7980
4887,7981
4888,7982
4889,7983
4890,7984
4891,7990
4892,7991
4893,8008
4894,8010
4895,8011
4896,8012
4897,8014
4898,8015
4899,8016
4900,8019
4901,8033
4902,8039
4903,8042
4904,8044
4905,8045
4906,8094
4907,8117
4908,8119
4909,8121
4910,8125
4911,8126
4912,8128
4913,8131
4914,8132
4915,8134
4916,8147
4917,8154
4918,8157
4919,8158
4920,8167
4921,8169
4922,8183
4923,8188
4924,8191
4925,8195
4926,8196
4927,8197
4928,8199
4929,8207
4930,8225
4931,8228
4932,8235
4933,8239
4934,8253
4935,8254
4936,8261
4937,8264
4938,8266
4939,8268
4940,8270
4941,8291
4942,8327
4943,8334
4944,8337
4945,8338
4946,8340
4947,8341
4948,8360
4949,8361
4950,8362
4951,8363
4952,8364
4953,8366
4954,8368
4955,8369
4956,8370
4957,8371
4958,8372
4959,8373
4960,8376
4961,8379
4962,8387
4963,8401
4964,8404
4965,8405
4966,8446
4967,8451
4968,8459
4969,8464
4970,8477
4971,8482
4972,8485
4973,8491
4974,8492
4975,8493
4976,8494
4977,8496
4978,8501
4979,8507
4980,8512
4981,8516
4982,8520
4983,8521
4984,8526
4985,8527
4986,8528
4987,8529
4988,8530
4989,8531
4990,8532
4991,8533
4992,8535
4993,8542
4994,8573
4995,8575
4996,8576
4997,8578
4998,8580
4999,8581
5000,8582
5001,8589
5002,8591
5003,8596
5004,8600
5005,8604
5006,8605
5007,8607
5008,8609
5009,8610
5010,8614
5011,8618
5012,8620
5013,8622
5014,8623
5015,8633
5016,8636
5017,8638
5018,8639
5019,8640
5020,8641
5021,8643
5022,8644
5023,8645
5024,8656
5025,8661
5026,8665
5027,8666
5028,8667
5029,8670
5030,8684
5031,8690
5032,8695
5033,8711
5034,8712
5035,8724
5036,8731
5037,8738
5038,8739
5039,8751
5040,8754
5041,8765
5042,8767
5043,8772
5044,8781
5045,8782
5046,8783
5047,8784
5048,8796
5049,8797
5050,8798
5051,8799
5052,8800
5053,8807
5054,8808
5055,8809
5056,8810
5057,8811
5058,8813
5059,8814
5060,8815
5061,8827
5062,8830
5063,8831
5064,8833
5065,8835
5066,8836
5067,8838
5068,8848
5069,8859
5070,8860
5071,8861
5072,8862
5073,8864
5074,8865
5075,8866
5076,8869
5077,8870
5078,8872
5079,8873
5080,8874
5081,8879
5082,8880
5083,8884
5084,8894
5085,8905
5086,8906
5087,8907
5088,8908
5089,8910
5090,8911
5091,8912
5092,8914
5093,8915
5094,8916
5095,8917
5096,8918
5097,8919
5098,8923
5099,8928
5100,8930
5101,8933
5102,8937
5103,8939
5104,8943
5105,8946
5106,8947
5107,8948
5108,8949
5109,8950
5110,8951
5111,8955
5112,8957
5113,8958
5114,8959
5115,8961
5116,8965
5117,8966
5118,8967
5119,8968
5120,8969
5121,8970
5122,8972
5123,8973
5124,8974
5125,8977
5126,8978
5127,8981
5128,8982
5129,8983
5130,8984
5131,8985
5132,8989
5133,8998
5134,9004
5135,9005
5136,9010
5137,9018
5138,25750
5139,25753
5140,25755
5141,25763
5142,25764
5143,25769
5144,25771
5145,25773
5146,25774
5147,25777
5148,25788
5149,25793
5150,25805
5151,25827
5152,25828
5153,25850
5154,25855
5155,25856
5156,25868
5157,25891
5158,25923
5159,25927
5160,25937
5161,25938
5162,25940
5163,25954
5164,25963
5165,25996
5166,25999
5167,26003
5168,26007
5169,26052
5170,26064
5171,26082
5172,26084
5173,26085
5174,26094
5175,26101
5176,26111
5177,26116
5178,26122
5179,26131
5180,26133
5181,26148
5182,26150
5183,26151
5184,26152
5185,26158
5186,26163
5187,26171
5188,26172
5189,26203
5190,26242
5191,26246
5192,26249
5193,26258
5194,26285
5195,26294
5196,26303
5197,26318
5198,26326
5199,26340
5200,26347
5201,26349
5202,26350
5203,26359
5204,26366
5205,26375
5206,26386
5207,26398
5208,26403
5209,26422
5210,26425
5211,26444
5212,26462
5213,26464
5214,26471
5215,26476
5216,26485
5217,26492
5218,26502
5219,26513
5220,26524
5221,26528
5222,26547
5223,26554
5224,26555
5225,26564
5226,26578
5227,26585
5228,26587
5229,26603
5230,26606
5231,26614
5232,26629
5233,26631
5234,26649
5235,26662
5236,26680
5237,26686
5238,26688
5239,26693
5240,26694
5241,26704
5242,26712
5243,26713
5244,26729
5245,26743
5246,26750
5247,26776
5248,26810
5249,26819
5250,26838
5251,26840
5252,26849
5253,26865
5254,26870
5255,26887
5256,26903
5257,26939
5258,26947
5259,26965
5260,26974
5261,26999
5262,27002
5263,27005
5264,27020
5265,27022
5266,27032
5267,27033
5268,27036
5269,27075
5270,27156
5271,27178
5272,27186
5273,27193
5274,27251
5275,27253
5276,27266
5277,27311
5278,27317
5279,27329
5280,27338
5281,27368
5282,27369
5283,27373
5284,27376
5285,27391
5286,27397
5287,27402
5288,27408
5289,27410
5290,27416
5291,27434
5292,27441
5293,27478
5294,27482
5295,27491
5296,27523
5297,27563
5298,27584
5299,27592
5300,27604
5301,27608
5302,27611
5303,27618
5304,27619
5305,27660
5306,27664
5307,27674
5308,27685
5309,27689
5310,27700
5311,27706
5312,27716
5313,27721
5314,27722
5315,27727
5316,27728
5317,27731
5318,27741
5319,27772
5320,27773
5321,27788
5322,27790
5323,27792
5324,27793
5325,27800
5326,27801
5327,27803
5328,27808
5329,27815
5330,27816
5331,27820
5332,27821
5333,27822
5334,27831
5335,27834
5336,27837
5337,27838
5338,27839
5339,27846
5340,27850
5341,27857
5342,27865
5343,27869
5344,27871
5345,27873
5346,27878
5347,27879
5348,27882
5349,27899
5350,27904
5351,27905
5352,27912
5353,30707
5354,30749
5355,30793
5356,30803
5357,30810
5358,30812
5359,30816
5360,30818
5361,30820
5362,30822
5363,30825
5364,30846
5365,30848
5366,30850
5367,30883
5368,30894
5369,30898
5370,31114
5371,31116
5372,31162
5373,31184
5374,31193
5375,31221
5376,31223
5377,31225
5378,31255
5379,31270
5380,31309
5381,31364
5382,31367
5383,31410
5384,31420
5385,31422
5386,31424
5387,31427
5388,31431
5389,31433
5390,31435
5391,31437
5392,31445
5393,31485
5394,31502
5395,31522
5396,31658
5397,31660
5398,31685
5399,31687
5400,31689
5401,31694
5402,31696
5403,31698
5404,31700
5405,31770
5406,31804
5407,31867
5408,31878
5409,31923
5410,31952
5411,32011
5412,32017
5413,32019
5414,32025
5415,32029
5416,32031
5417,32179
5418,32213
5419,32289
5420,32291
5421,32296
5422,32298
5423,32300
5424,32302
5425,32387
5426,32456
5427,32460
5428,32469
5429,32554
5430,32582
5431,32587
5432,32589
5433,32596
5434,32598
5435,32657
5436,32825
5437,32840
5438,32892
5439,32898
5440,33004
5441,33036
5442,33072
5443,33085
5444,33138
5445,33145
5446,33154
5447,33158
5448,33162
5449,33164
5450,33166
5451,33171
5452,33288
5453,33312
5454,33437
5455,33493
5456,33495
5457,33499
5458,33564
5459,33585
5460,33615
5461,33639
5462,33646
5463,33649
5464,33660
5465,33669
5466,33672
5467,33677
5468,33679
5469,33681
5470,33683
5471,33725
5472,33779
5473,33794
5474,33815
5475,33817
5476,33830
5477,33834
5478,33836
5479,33880
5480,33893
5481,33896
5482,33903
5483,34048
5484,34072
5485,34143
5486,34148
5487,34150
5488,34153
5489,34162
5490,34164
5491,34198
5492,34271
5493,34292
5494,34319
5495,34321
5496,34323
5497,34326
5498,34332
5499,34334
5500,34336
5501,34338
5502,34405
5503,34437
5504,34520
5505,34523
5506,34528
5507,34530
5508,34532
5509,34534
5510,34536
5511,34542
5512,34552
5513,35347
5514,35836
5515,35957
5516,36276
5517,36289
5518,36363
5519,36397
5520,36401
5521,36509
5522,36517
5523,36519
5524,36525
5525,36527
5526,36529
5527,36533
5528,36535
5529,36537
5530,36708
5531,37240
5532,37380
5533,37382
5534,37384
5535,37386
5536,37475
5537,37477
5538,37720
5539,37727
5540,37729
5541,37731
5542,37733
5543,37736
5544,37739
5545,37741
5546,37830
5547,37853
5548,37855
5549,37857
5550,38038
5551,38061
5552,38095
5553,38159
5554,38294
5555,38304
5556,38388
5557,38499
5558,38600
5559,38798
5560,38886
5561,38992
5562,39052
5563,39183
5564,39231
5565,39234
5566,39292
5567,39307
5568,39381
5569,39400
5570,39414
5571,39419
5572,39427
5573,39435
5574,39444
5575,39446
5576,39449
5577,39715
5578,39869
5579,40148
5580,40278
5581,40339
5582,40412
5583,40414
5584,40581
5585,40583
5586,40614
5587,40629
5588,40723
5589,40732
5590,40815
5591,40819
5592,40826
5593,40851
5594,40870
5595,40946
5596,40955
5597,40959
5598,40962
5599,40966
5600,41014
5601,41285
5602,41527
5603,41566
5604,41569
5605,41571
5606,41573
5607,41617
5608,41716
5609,41724
5610,41863
5611,41997
5612,42002
5613,42004
5614,42007
5615,42009
5616,42011
5617,42013
5618,42015
5619,42018
5620,42094
5621,42163
5622,42191
5623,42197
5624,42217
5625,42418
5626,42422
5627,42632
5628,42718
5629,42721
5630,42723
5631,42725
5632,42728
5633,42730
5634,42732
5635,42734
5636,42738
5637,42958
5638,43333
5639,43376
5640,43396
5641,43419
5642,43460
5643,43556
5644,43558
5645,43560
5646,43652
5647,43679
5648,43684
5649,43708
5650,43744
5651,43836
5652,43869
5653,43871
5654,43904
5655,43912
5656,43917
5657,43919
5658,43921
5659,43928
5660,43930
5661,43932
5662,43936
5663,44004
5664,44022
5665,44191
5666,44193
5667,44195
5668,44197
5669,44199
5670,44204
5671,44225
5672,44397
5673,44399
5674,44555
5675,44613
5676,44633
5677,44665
5678,44694
5679,44709
5680,44731
5681,44759
5682,44761
5683,44788
5684,44828
5685,44840
5686,44849
5687,44864
5688,44929
5689,44937
5690,44972
5691,44974
5692,45003
5693,45028
5694,45062
5695,45074
5696,45081
5697,45106
5698,45175
5699,45183
5700,45186
5701,45208
5702,45210
5703,45221
5704,45361
5705,45382
5706,45431
5707,45440
5708,45442
5709,45447
5710,45499
5711,45501
5712,45503
5713,45517
5714,45635
5715,45662
5716,45666
5717,45668
5718,45672
5719,45720
5720,45722
5721,45726
5722,45728
5723,45730
5724,45732
5725,45880
5726,45928
5727,45950
5728,46062
5729,46322
5730,46335
5731,46337
5732,46347
5733,46530
5734,46559
5735,46578
5736,46723
5737,46772
5738,46850
5739,46855
5740,46865
5741,46948
5742,46965
5743,46967
5744,46970
5745,46972
5746,46974
5747,46976
5748,47044
5749,47099
5750,47122
5751,47124
5752,47200
5753,47202
5754,47254
5755,47261
5756,47264
5757,47382
5758,47404
5759,47423
5760,47465
5761,47491
5762,47518
5763,47610
5764,47629
5765,47640
5766,47644
5767,47721
5768,47725
5769,47810
5770,47894
5771,47937
5772,47950
5773,47952
5774,47970
5775,47997
5776,47999
5777,48043
5778,48061
5779,48082
5780,48142
5781,48161
5782,48304
5783,48319
5784,48322
5785,48326
5786,48342
5787,48385
5788,48394
5789,48412
5790,48414
5791,48416
5792,48516
5793,48518
5794,48520
5795,48560
5796,48591
5797,48593
5798,48596
5799,48678
5800,48696
5801,48698
5802,48738
5803,48744
5804,48774
5805,48780
5806,48783
5807,48856
5808,48872
5809,48877
5810,48943
5811,48982
5812,48997
5813,49013
5814,49130
5815,49132
5816,49220
5817,49272
5818,49274
5819,49276
5820,49278
5821,49280
5822,49282
5823,49284
5824,49286
5825,49312
5826,49314
5827,49347
5828,49396
5829,49422
5830,49526
5831,49528
5832,49530
5833,49647
5834,49649
5835,49651
5836,49772
5837,49793
5838,49822
5839,49824
5840,49910
5841,49932
5842,49957
5843,49961
5844,50003
5845,50005
5846,50011
5847,50064
5848,50068
5849,50147
5850,50160
5851,50162
5852,50189
5853,50274
5854,50442
5855,50445
5856,50447
5857,50514
5858,50601
5859,50641
5860,50658
5861,50685
5862,50740
5863,50742
5864,50792
5865,50794
5866,50796
5867,50798
5868,50800
5869,50802
5870,50804
5871,50806
5872,50842
5873,50851
5874,50872
5875,50912
5876,50923
5877,50954
5878,51037
5879,51077
5880,51080
5881,51084
5882,51086
5883,51088
5884,51091
5885,51174
5886,51255
5887,51277
5888,51357
5889,51372
5890,51412
5891,51418
5892,51471
5893,51540
5894,51575
5895,51660
5896,51662
5897,51694
5898,51698
5899,51705
5900,51709
5901,51834
5902,51884
5903,51925
5904,51927
5905,51931
5906,51935
5907,51937
5908,51939
5909,52042
5910,52241
5911,52245
5912,52279
5913,52281
5914,52283
5915,52287
5916,52319
5917,52321
5918,52328
5919,52375
5920,52435
5921,52456
5922,52458
5923,52460
5924,52462
5925,52579
5926,52604
5927,52606
5928,52644
5929,52668
5930,52694
5931,52712
5932,52717
5933,52722
5934,52767
5935,52806
5936,52885
5937,52950
5938,52952
5939,52967
5940,52973
5941,52975
5942,53000
5943,53002
5944,53024
5945,53121
5946,53123
5947,53125
5948,53127
5949,53129
5950,53138
5951,53140
5952,53161
5953,53189
5954,53207
5955,53318
5956,53322
5957,53326
5958,53435
5959,53447
5960,53460
5961,53464
5962,53466
5963,53468
5964,53519
5965,53550
5966,53883
5967,53894
5968,53921
5969,53953
5970,53956
5971,53972
5972,53974
5973,53993
5974,53996
5975,54001
5976,54004
5977,54075
5978,54190
5979,54256
5980,54259
5981,54272
5982,54274
5983,54276
5984,54278
5985,54281
5986,54286
5987,54290
5988,54331
5989,54372
5990,54503
5991,54648
5992,54686
5993,54732
5994,54734
5995,54736
5996,54745
5997,54771
5998,54775
5999,54780
6000,54785
6001,54787
6002,54796
6003,54881
6004,54910
6005,54962
6006,54995
6007,54997
6008,54999
6009,55020
6010,55031
6011,55052
6012,55069
6013,55071
6014,55080
6015,55094
6016,55098
6017,55116
6018,55118
6019,55167
6020,55176
6021,55207
6022,55232
6023,55241
6024,55245
6025,55247
6026,55250
6027,55253
6028,55259
6029,55261
6030,55267
6031,55269
6032,55272
6033,55274
6034,55276
6035,55278
6036,55280
6037,55282
6038,55284
6039,55286
6040,55288
6041,55290
6042,55363
6043,55442
6044,55444
6045,55451
6046,55553
6047,55555
6048,55577
6049,55687
6050,55721
6051,55729
6052,55732
6053,55765
6054,55768
6055,55805
6056,55814
6057,55820
6058,55830
6059,55872
6060,55901
6061,55908
6062,55946
6063,55955
6064,55995
6065,55999
6066,56003
6067,56012
6068,56079
6069,56145
6070,56152
6071,56156
6072,56169
6073,56171
6074,56174
6075,56176
6076,56251
6077,56274
6078,56286
6079,56333
6080,56339
6081,56367
6082,56389
6083,56563
6084,56587
6085,56607
6086,56715
6087,56757
6088,56775
6089,56782
6090,56788
6091,56801
6092,56805
6093,56885
6094,56915
6095,56921
6096,56941
6097,56949
6098,57147
6099,57183
6100,57223
6101,57243
6102,57274
6103,57326
6104,57353
6105,57368
6106,57401
6107,57464
6108,57502
6109,57504
6110,57520
6111,57526
6112,57528
6113,57532
6114,57534
6115,57536
6116,57538
6117,57640
6118,57669
6119,57910
6120,57951
6121,58025
6122,58047
6123,58078
6124,58103
6125,58105
6126,58107
6127,58154
6128,58156
6129,58162
6130,58191
6131,58293
6132,58295
6133,58297
6134,58299
6135,58301
6136,58303
6137,58306
6138,58315
6139,58332
6140,58347
6141,58351
6142,58376
6143,58425
6144,58490
6145,58559
6146,58627
6147,58655
6148,58803
6149,58806
6150,58839
6151,58964
6152,58972
6153,58975
6154,58998
6155,59014
6156,59016
6157,59018
6158,59022
6159,59026
6160,59037
6161,59103
6162,59118
6163,59126
6164,59141
6165,59143
6166,59220
6167,59256
6168,59258
6169,59306
6170,59315
6171,59333
6172,59336
6173,59369
6174,59387
6175,59392
6176,59418
6177,59421
6178,59429
6179,59501
6180,59590
6181,59594
6182,59604
6183,59615
6184,59709
6185,59715
6186,59725
6187,59727
6188,59731
6189,59738
6190,59784
6191,59810
6192,59900
6193,59985
6194,59995
6195,60037
6196,60040
6197,60069
6198,60072
6199,60074
6200,60126
6201,60141
6202,60161
6203,60291
6204,60293
6205,60333
6206,60363
6207,60397
6208,60408
6209,60487
6210,60514
6211,60516
6212,60609
6213,60647
6214,60674
6215,60684
6216,60753
6217,60756
6218,60760
6219,60766
6220,60806
6221,60816
6222,60818
6223,60832
6224,60904
6225,60937
6226,60939
6227,60941
6228,60943
6229,60948
6230,60950
6231,60979
6232,61024
6233,61026
6234,61071
6235,61075
6236,61123
6237,61132
6238,61160
6239,61210
6240,61236
6241,61240
6242,61246
6243,61248
6244,61250
6245,61255
6246,61262
6247,61289
6248,61323
6249,61348
6250,61350
6251,61352
6252,61394
6253,61401
6254,61406
6255,61465
6256,61697
6257,61705
6258,61729
6259,61986
6260,62049
6261,62081
6262,62113
6263,62137
6264,62155
6265,62203
6266,62250
6267,62265
6268,62293
6269,62336
6270,62344
6271,62374
6272,62376
6273,62394
6274,62434
6275,62437
6276,62439
6277,62511
6278,62553
6279,62644
6280,62718
6281,62733
6282,62792
6283,62799
6284,62849
6285,62912
6286,62956
6287,62970
6288,62999
6289,63033
6290,63062
6291,63072
6292,63082
6293,63113
6294,63131
6295,63222
6296,63393
6297,63433
6298,63436
6299,63479
6300,63515
6301,63540
6302,63808
6303,63826
6304,63853
6305,63859
6306,63876
6307,63992
6308,64030
6309,64032
6310,64034
6311,64116
6312,64197
6313,64231
6314,64249
6315,64285
6316,64497
6317,64499
6318,64501
6319,64508
6320,64575
6321,64614
6322,64620
6323,64622
6324,64701
6325,64716
6326,64839
6327,64957
6328,64969
6329,64983
6330,64993
6331,64997
6332,65037
6333,65088
6334,65126
6335,65130
6336,65133
6337,65135
6338,65188
6339,65193
6340,65216
6341,65225
6342,65230
6343,65261
6344,65418
6345,65435
6346,65465
6347,65514
6348,65567
6349,65577
6350,65585
6351,65596
6352,65601
6353,65612
6354,65642
6355,65682
6356,65685
6357,65802
6358,65810
6359,65813
6360,65868
6361,65882
6362,65982
6363,66090
6364,66097
6365,66130
6366,66171
6367,66198
6368,66200
6369,66203
6370,66297
6371,66304
6372,66335
6373,66371
6374,66427
6375,66509
6376,66665
6377,66783
6378,66785
6379,66798
6380,66934
6381,67073
6382,67087
6383,67186
6384,67193
6385,67197
6386,67252
6387,67255
6388,67267
6389,67295
6390,67408
6391,67508
6392,67620
6393,67665
6394,67695
6395,67734
6396,67788
6397,67799
6398,67867
6399,67923
6400,67997
6401,68073
6402,68099
6403,68135
6404,68157
6405,68159
6406,68194
6407,68205
6408,68237
6409,68269
6410,68319
6411,68324
6412,68347
6413,68358
6414,68486
6415,68519
6416,68522
6417,68536
6418,68554
6419,68659
6420,68791
6421,68793
6422,68848
6423,68932
6424,68941
6425,68945
6426,68952
6427,68954
6428,68959
6429,68963
6430,69069
6431,69122
6432,69134
6433,69140
6434,69253
6435,69275
6436,69278
6437,69306
6438,69324
6439,69406
6440,69436
6441,69458
6442,69481
6443,69516
6444,69524
6445,69526
6446,69529
6447,69604
6448,69606
6449,69640
6450,69644
6451,69654
6452,69685
6453,69712
6454,69746
6455,69757
6456,69784
6457,69844
6458,69849
6459,69951
6460,70159
6461,70183
6462,70206
6463,70208
6464,70286
6465,70293
6466,70305
6467,70334
6468,70336
6469,70361
6470,70451
6471,70533
6472,70567
6473,70599
6474,70663
6475,70697
6476,70728
6477,70862
6478,70946
6479,70984
6480,70994
6481,71033
6482,71057
6483,71106
6484,71108
6485,71129
6486,71131
6487,71135
6488,71156
6489,71205
6490,71211
6491,71248
6492,71252
6493,71254
6494,71264
6495,71282
6496,71304
6497,71325
6498,71327
6499,71379
6500,71429
6501,71450
6502,71462
6503,71464
6504,71466
6505,71468
6506,71500
6507,71518
6508,71520
6509,71530
6510,71535
6511,71573
6512,71579
6513,71619
6514,71668
6515,71670
6516,71745
6517,71823
6518,71838
6519,71899
6520,72011
6521,72129
6522,72131
6523,72165
6524,72167
6525,72171
6526,72176
6527,72209
6528,72226
6529,72294
6530,72308
6531,72356
6532,72378
6533,72380
6534,72386
6535,72393
6536,72395
6537,72405
6538,72407
6539,72479
6540,72483
6541,72489
6542,72554
6543,72605
6544,72641
6545,72694
6546,72696
6547,72701
6548,72720
6549,72731
6550,72733
6551,72737
6552,72741
6553,72762
6554,72919
6555,72998
6556,73000
6557,73015
6558,73017
6559,73023
6560,73042
6561,73106
6562,73168
6563,73211
6564,73266
6565,73268
6566,73290
6567,73319
6568,73321
6569,73323
6570,73344
6571,73587
6572,73759
6573,73804
6574,73808
6575,73854
6576,73860
6577,73881
6578,73929
6579,74152
6580,74154
6581,74156
6582,74228
6583,74275
6584,74282
6585,74324
6586,74370
6587,74416
6588,74450
6589,74452
6590,74458
6591,74488
6592,74508
6593,74510
6594,74530
6595,74532
6596,74545
6597,74553
6598,74580
6599,74624
6600,74668
6601,74677
6602,74685
6603,74688
6604,74698
6605,74727
6606,74750
6607,74754
6608,74787
6609,74789
6610,74795
6611,74851
6612,74868
6613,74916
6614,74944
6615,74946
6616,74948
6617,75341
6618,75395
6619,75805
6620,75813
6621,75985
6622,76030
6623,76077
6624,76079
6625,76091
6626,76093
6627,76111
6628,76173
6629,76175
6630,76210
6631,76251
6632,76293
6633,76317
6634,76763
6635,77191
6636,77201
6637,77206
6638,77240
6639,77307
6640,77364
6641,77414
6642,77421
6643,77427
6644,77455
6645,77540
6646,77561
6647,77667
6648,77795
6649,77798
6650,77800
6651,77837
6652,77843
6653,77846
6654,77854
6655,77866
6656,78034
6657,78039
6658,78041
6659,78088
6660,78105
6661,78160
6662,78174
6663,78209
6664,78218
6665,78264
6666,78266
6667,78316
6668,78319
6669,78349
6670,78467
6671,78469
6672,78499
6673,78574
6674,78637
6675,78679
6676,78703
6677,78729
6678,78772
6679,78836
6680,78893
6681,79008
6682,79057
6683,79091
6684,79132
6685,79134
6686,79139
6687,79185
6688,79224
6689,79242
6690,79251
6691,79274
6692,79293
6693,79318
6694,79357
6695,79428
6696,79553
6697,79588
6698,79590
6699,79592
6700,79695
6701,79702
6702,79720
6703,79796
6704,79798
6705,79860
6706,79879
6707,79897
6708,79946
6709,80094
6710,80126
6711,80139
6712,80166
6713,80185
6714,80219
6715,80222
6716,80241
6717,80350
6718,80363
6719,80398
6720,80463
6721,80469
6722,80489
6723,80549
6724,80551
6725,80586
6726,80590
6727,80615
6728,80693
6729,80831
6730,80839
6731,80846
6732,80858
6733,80860
6734,80862
6735,80864
6736,80880
6737,80906
6738,80917
6739,80939
6740,80969
6741,81018
6742,81132
6743,81156
6744,81158
6745,81191
6746,81229
6747,81257
6748,81417
6749,81456
6750,81512
6751,81516
6752,81535
6753,81537
6754,81562
6755,81564
6756,81591
6757,81641
6758,81731
6759,81782
6760,81784
6761,81786
6762,81788
6763,81791
6764,81804
6765,81817
6766,81819
6767,81834
6768,81845
6769,81847
6770,81932
6771,82041
6772,82093
6773,82095
6774,82143
6775,82152
6776,82167
6777,82169
6778,82173
6779,82202
6780,82242
6781,82244
6782,82378
6783,82459
6784,82461
6785,82463
6786,82499
6787,82527
6788,82534
6789,82667
6790,82744
6791,82767
6792,82852
6793,82854
6794,83086
6795,83132
6796,83134
6797,83219
6798,83270
6799,83302
6800,83349
6801,83369
6802,83480
6803,83613
6804,83803
6805,83910
6806,83976
6807,84152
6808,84187
6809,84189
6810,84273
6811,84312
6812,84374
6813,84392
6814,84395
6815,84601
6816,84613
6817,84615
6818,84637
6819,84716
6820,84772
6821,84844
6822,84847
6823,84942
6824,84944
6825,84950
6826,84952
6827,84954
6828,85007
6829,85020
6830,85022
6831,85025
6832,85056
6833,85131
6834,85179
6835,85213
6836,85342
6837,85354
6838,85367
6839,85394
6840,85397
6841,85401
6842,85412
6843,85414
6844,85438
6845,85510
6846,85736
6847,85774
6848,85780
6849,85788
6850,85796
6851,85881
6852,86000
6853,86059
6854,86142
6855,86190
6856,86290
6857,86293
6858,86295
6859,86298
6860,86320
6861,86332
6862,86345
6863,86347
6864,86377
6865,86487
6866,86504
6867,86548
6868,86628
6869,86644
6870,86781
6871,86815
6872,86817
6873,86833
6874,86835
6875,86852
6876,86880
6877,86882
6878,86884
6879,86892
6880,86898
6881,86911
6882,87079
6883,87192
6884,87194
6885,87222
6886,87232
6887,87234
6888,87298
6889,87304
6890,87306
6891,87308
6892,87430
6893,87483
6894,87485
6895,87520
6896,87522
6897,87529
6898,87660
6899,87867
6900,87869
6901,87876
6902,88108
6903,88118
6904,88125
6905,88129
6906,88140
6907,88163
6908,88179
6909,88235
6910,88267
6911,88345
6912,88356
6913,88405
6914,88515
6915,88672
6916,88744
6917,88785
6918,88810
6919,88812
6920,88932
6921,88950
6922,88954
6923,89002
6924,89028
6925,89030
6926,89039
6927,89047
6928,89072
6929,89074
6930,89085
6931,89087
6932,89118
6933,89190
6934,89305
6935,89343
6936,89470
6937,89480
6938,89492
6939,89535
6940,89745
6941,89753
6942,89759
6943,89761
6944,89774
6945,89780
6946,89804
6947,89837
6948,89840
6949,89864
6950,89904
6951,90057
6952,90249
6953,90343
6954,90345
6955,90357
6956,90374
6957,90376
6958,90403
6959,90405
6960,90430
6961,90439
6962,90469
6963,90522
6964,90524
6965,90528
6966,90531
6967,90576
6968,90578
6969,90600
6970,90603
6971,90645
6972,90647
6973,90717
6974,90719
6975,90738
6976,90746
6977,90866
6978,90888
6979,90890
6980,90943
6981,91077
6982,91079
6983,91094
6984,91104
6985,91126
6986,91128
6987,91134
6988,91199
6989,91233
6990,91323
6991,91325
6992,91386
6993,91414
6994,91485
6995,91500
6996,91529
6997,91535
6998,91542
6999,91571
7000,91622
7001,91628
7002,91630
7003,91653
7004,91658
7005,91660
7006,91690
7007,91842
7008,91869
7009,91890
7010,91974
7011,91976
7012,91978
7013,92008
7014,92058
7015,92192
7016,92243
7017,92259
7018,92264
7019,92309
7020,92391
7021,92420
7022,92422
7023,92439
7024,92507
7025,92509
7026,92535
7027,92643
7028,92681
7029,92694
7030,92920
7031,92938
7032,93040
7033,93270
7034,93272
7035,93287
7036,93297
7037,93326
7038,93363
7039,93443
7040,93475
7041,93498
7042,93510
7043,93512
7044,93563
7045,93721
7046,93740
7047,93766
7048,93790
7049,93805
7050,93831
7051,93838
7052,93840
7053,93855
7054,93982
7055,93988
7056,94015
7057,94018
7058,94070
7059,94150
7060,94266
7061,94325
7062,94405
7063,94478
7064,94677
7065,94777
7066,94780
7067,94799
7068,94813
7069,94833
7070,94864
7071,94896
7072,94931
7073,94953
7074,94959
7075,94969
7076,94985
7077,95058
7078,95067
7079,95088
7080,95105
7081,95135
7082,95167
7083,95199
7084,95201
7085,95207
7086,95307
7087,95309
7088,95311
7089,95313
7090,95375
7091,95377
7092,95441
7093,95449
7094,95488
7095,95510
7096,95543
7097,95558
7098,95567
7099,95583
7100,95654
7101,95720
7102,95761
7103,95856
7104,95858
7105,95873
7106,95875
7107,96079
7108,96110
7109,96121
7110,96150
7111,96281
7112,96314
7113,96417
7114,96430
7115,96432
7116,96488
7117,96565
7118,96567
7119,96588
7120,96606
7121,96610
7122,96612
7123,96616
7124,96655
7125,96691
7126,96693
7127,96728
7128,96737
7129,96751
7130,96811
7131,96815
7132,96821
7133,96829
7134,96832
7135,96857
7136,96861
7137,96911
7138,96917
7139,97024
7140,97057
7141,97172
7142,97188
7143,97225
7144,97304
7145,97306
7146,97328
7147,97701
7148,97752
7149,97785
7150,97836
7151,97860
7152,97866
7153,97870
7154,97913
7155,97921
7156,97923
7157,97936
7158,97938
7159,97950
7160,98056
7161,98083
7162,98122
7163,98124
7164,98154
7165,98203
7166,98239
7167,98243
7168,98361
7169,98373
7170,98491
7171,98585
7172,98604
7173,98809
7174,98961
7175,99007
7176,99112
7177,99114
7178,99117
7179,99145
7180,99149
7181,99296
7182,99437
7183,99574
7184,99728
7185,99750
7186,99764
7187,99813
7188,99910
7189,99912
7190,99917
7191,99957
7192,100044
7193,100083
7194,100106
7195,100108
7196,100159
7197,100163
7198,100244
7199,100302
7200,100326
7201,100383
7202,100390
7203,100487
7204,100498
7205,100507
7206,100527
7207,100553
7208,100556
7209,100581
7210,100714
7211,100737
7212,100745
7213,100810
7214,101025
7215,101076
7216,101088
7217,101112
7218,101137
7219,101142
7220,101283
7221,101285
7222,101360
7223,101362
7224,101415
7225,101498
7226,101525
7227,101577
7228,101612
7229,101739
7230,101741
7231,101864
7232,101895
7233,101962
7234,101973
7235,101997
7236,102033
7237,102084
7238,102088
7239,102123
7240,102125
7241,102194
7242,102407
7243,102445
7244,102481
7245,102666
7246,102684
7247,102686
7248,102716
7249,102720
7250,102753
7251,102800
7252,102819
7253,102880
7254,102903
7255,102993
7256,103027
7257,103042
7258,103048
7259,103075
7260,103137
7261,103141
7262,103228
7263,103235
7264,103249
7265,103253
7266,103279
7267,103306
7268,103315
7269,103335
7270,103339
7271,103341
7272,103366
7273,103372
7274,103384
7275,103483
7276,103539
7277,103596
7278,103606
7279,103624
7280,103655
7281,103659
7282,103688
7283,103727
7284,103755
7285,103772
7286,103801
7287,103810
7288,103883
7289,103980
7290,103984
7291,104069
7292,104074
7293,104078
7294,104211
7295,104218
7296,104241
7297,104243
7298,104245
7299,104272
7300,104283
7301,104303
7302,104312
7303,104337
7304,104339
7305,104374
7306,104419
7307,104441
7308,104457
7309,104841
7310,104863
7311,104879
7312,104881
7313,104908
7314,104913
7315,104925
7316,104944
7317,105037
7318,105197
7319,105211
7320,105213
7321,105250
7322,105355
7323,105468
7324,105504
7325,105585
7326,105593
7327,105653
7328,105731
7329,105742
7330,105755
7331,105769
7332,105835
7333,105844
7334,105869
7335,105954
7336,106002
7337,106011
7338,106022
7339,106030
7340,106062
7341,106072
7342,106100
7343,106330
7344,106438
7345,106441
7346,106452
7347,106487
7348,106489
7349,106491
7350,106540
7351,106642
7352,106696
7353,106766
7354,106782
7355,106785
7356,106841
7357,106889
7358,106916
7359,106918
7360,106920
7361,107069
7362,107141
7363,107314
7364,107348
7365,107406
7366,107412
7367,107771
7368,107883
7369,108156
7370,108188
7371,108190
7372,108192
7373,108540
7374,108689
7375,108709
7376,108727
7377,108729
7378,108928
7379,108932
7380,108945
7381,108981
7382,108983
7383,109187
7384,109191
7385,109243
7386,109374
7387,109483
7388,109487
7389,109569
7390,109578
7391,109633
7392,109673
7393,109740
7394,109846
7395,109848
7396,109850
7397,109864
7398,109895
7399,110102
7400,110110
7401,110127
7402,110286
7403,110297
7404,110407
7405,110445
7406,110453
7407,110501
7408,110553
7409,110586
7410,110591
7411,110655
7412,110669
7413,110675
7414,110730
7415,110771
7416,110781
7417,110809
7418,110873
7419,110882
7420,110968
7421,111113
7422,111235
7423,111360
7424,111362
7425,111364
7426,111375
7427,111384
7428,111387
7429,111443
7430,111617
7431,111622
7432,111659
7433,111743
7434,111759
7435,111781
7436,111921
7437,112006
7438,112087
7439,112138
7440,112171
7441,112175
7442,112183
7443,112290
7444,112334
7445,112370
7446,112421
7447,112497
7448,112515
7449,112552
7450,112556
7451,112582
7452,112623
7453,112788
7454,112804
7455,112818
7456,112852
7457,112868
7458,112897
7459,112911
7460,112940
7461,112946
7462,113188
7463,113225
7464,113240
7465,113252
7466,113275
7467,113278
7468,113345
7469,113348
7470,113378
7471,113453
7472,113573
7473,113604
7474,113705
7475,113741
7476,113780
7477,113829
7478,113862
7479,114007
7480,114028
7481,114060
7482,114074
7483,114180
7484,114246
7485,114265
7486,114342
7487,114439
7488,114494
7489,114552
7490,114554
7491,114601
7492,114662
7493,114670
7494,114678
7495,114707
7496,114713
7497,114762
7498,114795
7499,114847
7500,114935
7501,115122
7502,115147
7503,115149
7504,115170
7505,115210
7506,115231
7507,115534
7508,115569
7509,115617
7510,115664
7511,115667
7512,115680
7513,115713
7514,115881
7515,116136
7516,116138
7517,116161
7518,116397
7519,116797
7520,116799
7521,116823
7522,116855
7523,116887
7524,116897
7525,116977
7526,117176
7527,117192
7528,117438
7529,117444
7530,117466
7531,117529
7532,117533
7533,117549
7534,117590
7535,117851
7536,117867
7537,117871
7538,117881
7539,117887
7540,117895
7541,118082
7542,118696
7543,118700
7544,118702
7545,118880
7546,118888
7547,118896
7548,118898
7549,118900
7550,118930
7551,118985
7552,118997
7553,119141
7554,119145
7555,119155
7556,119655
7557,120138
7558,120466
7559,120474
7560,120635
7561,120637
7562,120799
7563,120807
7564,121231
7565,122882
7566,122884
7567,122886
7568,122890
7569,122892
7570,122896
7571,122898
7572,122900
7573,122902
7574,122904
7575,122906
7576,122912
7577,122916
7578,122918
7579,122920
7580,122922
7581,122924
7582,122926
7583,124859
7584,125914
7585,125916
7586,126090
7587,126426
7588,126430
7589,126548
7590,127052
7591,127096
7592,127098
7593,127108
7594,127114
7595,127116
7596,127130
7597,127136
7598,127140
7599,127146
7600,127152
7601,127196
7602,127198
7603,127202
7604,128360
7605,128488
7606,128512
7607,128520
7608,128606
7609,128620
7610,128838
7611,128975
7612,129354
7613,129428
7614,129514
7615,129659
7616,129937
7617,130073
7618,130075
7619,130087
7620,130448
7621,130450
7622,130452
7623,130490
7624,130520
7625,130576
7626,130634
7627,130636
7628,130840
7629,130970
7630,131013
7631,131656
7632,131724
7633,131796
7634,132046
7635,132157
7636,132424
7637,132480
7638,132660
7639,132796
7640,132961
7641,133195
7642,133419
7643,133645
7644,133771
7645,133798
7646,133802
7647,134130
7648,134170
7649,134214
7650,134368
7651,134393
7652,134528
7653,134783
7654,134849
7655,134853
7656,134881
7657,135133
7658,135137
7659,135141
7660,135143
7661,135288
7662,135436
7663,135518
7664,135530
7665,135532
7666,135534
7667,135536
7668,135567
7669,135569
7670,135861
7671,135887
7672,136016
7673,136018
7674,136020
7675,136449
7676,136562
7677,136564
7678,136598
7679,136602
7680,136864
7681,137337
7682,137595
7683,137857
7684,138036
7685,138208
7686,138210
7687,138212
7688,138702
7689,139385
7690,139415
7691,139642
7692,139644
7693,139655
7694,139747
7695,139855
7696,139857
7697,140110
7698,140162
7699,140174
7700,140247
7701,140267
7702,140359
7703,140523
7704,140711
7705,140713
7706,140715
7707,140737
7708,140816
7709,140928
7710,140956
7711,141004
7712,141408
7713,141422
7714,141544
7715,141688
7716,141749
7717,141866
7718,141890
7719,142074
7720,142115
7721,142222
7722,142420
7723,142422
7724,142448
7725,142456
7726,142488
7727,142492
7728,142507
7729,142509
7730,142536
7731,142997
7732,143245
7733,143355
7734,143365
7735,143367
7736,143385
7737,143476
7738,143657
7739,143859
7740,143969
7741,144482
7742,144620
7743,144976
7744,145150
7745,145418
7746,145839
7747,145935
7748,146656
7749,147372
7750,147376
7751,147378
7752,147380
7753,147382
7754,147384
7755,148172
7756,148238
7757,148626
7758,148652
7759,148667
7760,148671
7761,148881
7762,148888
7763,148956
7764,149334
7765,149352
7766,149354
7767,149406
7768,149830
7769,150548
7770,150596
7771,151113
7772,151455
7773,151639
7774,151739
7775,151777
7776,152017
7777,152061
7778,152063
7779,152077
7780,152079
7781,152081
7782,152083
7783,152091
7784,152591
7785,152970
7786,155064
7787,155288
7788,155509
7789,155659
7790,155743
7791,155820
7792,155874
7793,155968
7794,156371
7795,156387
7796,156605
7797,156607
7798,156609
7799,156726
7800,157122
7801,157200
7802,157296
7803,157318
7804,157340
7805,157699
7806,158238
7807,158528
7808,158783
7809,158813
7810,158830
7811,158872
7812,158966
7813,158972
7814,159061
7815,159093
7816,159193
7817,159195
7818,159415
7819,159441
7820,159690
7821,159717
7822,159755
7823,159817
7824,159858
7825,159917
7826,160080
7827,160271
7828,160289
7829,160438
7830,160563
7831,160565
7832,160567
7833,160569
7834,160571
7835,160573
7836,160718
7837,160954
7838,160980
7839,161127
7840,161131
7841,161354
7842,161580
7843,161582
7844,161634
7845,161922
7846,161966
7847,162082
7848,162322
7849,162350
7850,162414
7851,162478
7852,162578
7853,162590
7854,162598
7855,162600
7856,162602
7857,162606
7858,162828
7859,163134
7860,163645
7861,163809
7862,163937
7863,163985
7864,164175
7865,164179
7866,164200
7867,164367
7868,164540
7869,164821
7870,164909
7871,164917
7872,164949
7873,164981
7874,165101
7875,165103
7876,165105
7877,165141
7878,165347
7879,165549
7880,165551
7881,165603
7882,165937
7883,166024
7884,166461
7885,166486
7886,166492
7887,166526
7888,166528
7889,166534
7890,166558
7891,166568
7892,166635
7893,166643
7894,166705
7895,166788
7896,166918
7897,166946
7898,167018
7899,167036
7900,167370
7901,167380
7902,167544
7903,167570
7904,167640
7905,167738
7906,167746
7907,167832
7908,168122
7909,168248
7910,168250
7911,168252
7912,168254
7913,168266
7914,168326
7915,168330
7916,168344
7917,168366
7918,168418
7919,168492
7920,168498
7921,168610
7922,168612
7923,168712
7924,169864
7925,169900
7926,169906
7927,169982
7928,169984
7929,169992
7930,170355
7931,170357
7932,170403
7933,170629
7934,170697
7935,170705
7936,170729
7937,170777
7938,170813
7939,170827
7940,170875
7941,170945
7942,170957
7943,171011
7944,171759
7945,171763
7946,171765
7947,172547
7948,172591
7949,173145
7950,173197
7951,173209
7952,173291
7953,173369
7954,173925
7955,173941
7956,174053
7957,174055
7958,174585
7959,174727
7960,174909
7961,175197
7962,175199
7963,175303
7964,175485
7965,175569
7966,175585
7967,175661
7968,176101
7969,176371
7970,176419
7971,176423
7972,176751
7973,176929
7974,176933
7975,176935
7976,177237
7977,177593
7978,177615
7979,177651
7980,177689
7981,177763
7982,177765
7983,178061
7984,178521
7985,178667
7986,178827
7987,179119
7988,179133
7989,179135
7990,179401
7991,179817
7992,179819
7993,179881
7994,180031
7995,180045
7996,180095
7997,180297
7998,180497
7999,180985
8000,181315
8001,182715
8002,182823
8003,183011
8004,183421
8005,183611
8006,183635
8007,183869
8008,183897
8009,184253
8010,184471
8011,184997
8012,185029
8013,185135
8014,185585
8015,186587
8016,187031
8017,187541
8018,187593
8019,187595
8020,188301
8021,189203
8022,189333
8023,189363
